性別,年齡,悲傷- 患者反應1,悲傷- 患者反應2,悲傷- 患者反應3,悲傷- 這是由特別事件引起的嗎？,悲傷- 這是由最近或遙遠的事件（或多個事件）引起的嗎？,悲傷- 您最近是否嘗試過協議6，並發現由於舊事件而重新點燃了無法控制的情緒？,悲傷- 您最近是否嘗試過協議11，並發現由於舊事件而重新點燃了無法控制的情緒？,悲傷- 謝謝。現在我會問一些問題以了解您的情況。,悲傷- 您是否對某人有強烈的感受或表達以下任何情緒：,悲傷- 您認為您應該成為別人的救星嗎？,悲傷- 您是否將自己視為受害者，將自己的負面情緒歸咎於他人？,悲傷- 您覺得您在試圖控制某人嗎？,悲傷- 當出現問題時，您是否總是責怪和指責自己？,悲傷- 在之前的對話中，您是否考慮過其他提出的觀點？,悲傷- 您是否正在經歷個人危機（與親人相處有困難，例如與朋友鬧翻）？,憤怒- 患者反應1,憤怒- 患者反應2,憤怒- 患者反應3,憤怒- 這是由特別事件引起的嗎？,憤怒- 這是由最近或遙遠的事件（或多個事件）引起的嗎？,憤怒- 您最近是否嘗試過協議6，並發現由於舊事件而重新點燃了無法控制的情緒？,憤怒- 您最近是否嘗試過協議11，並發現由於舊事件而重新點燃了無法控制的情緒？,憤怒- 謝謝。現在我會問一些問題以了解您的情況。,憤怒- 您是否對某人有強烈的感受或表達以下任何情緒：,憤怒- 您認為您應該成為別人的救星嗎？,憤怒- 您是否將自己視為受害者，將自己的負面情緒歸咎於他人？,憤怒- 您覺得您在試圖控制某人嗎？,憤怒- 當出現問題時，您是否總是責怪和指責自己？,憤怒- 在之前的對話中，您是否考慮過其他提出的觀點？,憤怒- 您是否正在經歷個人危機（與親人相處有困難，例如與朋友鬧翻）？,焦慮- 患者反應1,焦慮- 患者反應2,焦慮- 患者反應3,焦慮- 這是由特別事件引起的嗎？,焦慮- 這是由最近或遙遠的事件（或多個事件）引起的嗎？,焦慮- 您最近是否嘗試過協議6，並發現由於舊事件而重新點燃了無法控制的情緒？,焦慮- 您最近是否嘗試過協議11，並發現由於舊事件而重新點燃了無法控制的情緒？,焦慮- 謝謝。現在我會問一些問題以了解您的情況。,焦慮- 您是否對某人有強烈的感受或表達以下任何情緒：,焦慮- 您認為您應該成為別人的救星嗎？,焦慮- 您是否將自己視為受害者，將自己的負面情緒歸咎於他人？,焦慮- 您覺得您在試圖控制某人嗎？,焦慮- 當出現問題時，您是否總是責怪和指責自己？,焦慮- 在之前的對話中，您是否考慮過其他提出的觀點？,焦慮- 您是否正在經歷個人危機（與親人相處有困難，例如與朋友鬧翻）？,快樂- 患者反應1,快樂- 患者反應2,快樂- 患者反應3,快樂- 那很好！讓我推荐一個您可以嘗試的協議。,所有情緒- 根據您所說的，我相信您正在感受{}。這個對嗎？,所有情緒- 我很抱歉。請從下面的情緒中選擇最能反映您感受的情緒：,所有情緒- 感謝您的參與。再見,所有情緒- 這是我的建議，請選擇您想嘗試的協議,所有情緒- 請現在嘗試通過此協議。完成後，按“繼續”,所有情緒- 採取此協議後，您感覺更好還是更糟？,所有情緒- 您想嘗試另一種協議嗎？ （病人感覺好多了）,所有情緒- 您想嘗試另一種協議嗎？ （病人感覺更糟）
,,,,,,,,,,,,,,,,,,,,,,,,,,,,,,,,,,,,,,,,,,,,,,,,,,,,,,,,,,
男性,30-39,我有點沮喪,我心情很低落,此刻我感到相當難過,我很遺憾聽到你感覺不舒服。有什麼特別的事情讓你有這種感覺嗎？,我可以認同這一點。現在，這些感覺是最近還是很久以前發生的事件的結果？,首先，您的感受對我很重要，所以我需要詢問您之前與協議的互動情況。你最近有沒有嘗試過協議6，如果是這樣，它是否會因為你想起這件事而引發困難的情緒？,首先，您的感受對我很重要，所以我需要詢問您之前與協議的互動情況。你最近有沒有嘗試過協議11，如果是這樣，它是否會激發你記住這一事件的困難情緒？,感謝您如此樂於助人和耐心。如果您不介意，我還有幾個問題可以幫助我進一步了解情況。,我知道這可能很困難，但如果您能與我分享這一點，我會非常感激。請問您是否對某人表達或感受到了以下強烈的情緒：,,,,,,,我對我朋友的行為感到非常惱火,我開始想到我的對象離開我的時候，我很生氣,我有這種感覺是他們的錯。,如果你能告訴我更多，我可以更好地幫助你。是否有特定事件讓您有這種感覺？,你能告訴我這些特殊的感覺是由最近還是很久以前發生的事件引起的嗎？,如果你能和我分享以下信息，那對我會有很大幫助。您最近是否嘗試過協議6，如果是這樣，是否讓您感到難以管理情緒？,如果你能和我分享以下信息，那對我會有很大幫助。您最近有沒有嘗試過協議11，如果是這樣，它是否讓你感到難以管理情緒？,非常感謝您的合作。我接下來還有幾個問題可以幫助我更好地了解您的情況。,如果可以的話請你告訴我更多關於你的感受。您是否曾對另一個人表達過或向外表達過以下任何一種情緒：,,,,,,,,,,,,,,,,,,,,,,,,,,,,,,,,,
女性,50-59,我今天感覺不太好。我的狗不舒服。,我覺得有點難過。我擔心失去工作。,我很沮喪。我和姐姐意見不合。,有沒有發生什麼特別讓你感到難過的事情？不介意的話請告訴我。,,有些人發現協議6 不一定對他們有幫助，所以我試圖評估它是否適合您當前的情況。您是否嘗試過協議6，它是否讓您感到任何負面情緒？,有些人發現協議11 不一定對他們有幫助，所以我試圖評估它是否適合您當前的情況。您是否嘗試過協議11，它是否讓您感到任何負面情緒？,謝謝你與我分享。我要問你一些問題，這樣我們才能找出困擾你的根源。,您是否對他人有或表達過以下任何強烈情緒：,,,,,,,我很生氣,我心情不好,我的心情不好,,,,,,,,,,,,,,,,,,,,,,,,,,,,,,,,,,,,,,,
男性,30-39,不太好，我的狗昨天死了。,不是很好，只是整個星期都感到沮喪。,不太好，我希望今天早點過去。,我很抱歉聽到這個。是不是有什麼特別的事情導致了這種感覺？,我明白了。你會說這是最近發生的還是遙遠的事件？,謝謝，我明白了。你會說這種負面情緒是由最近對協議6 的嘗試引發的嗎？,謝謝，我明白了。你會說這種負面情緒是由最近對協議11 的嘗試引發的嗎？,感謝您的耐心等待。我現在將問您幾個問題，以幫助您了解您的情況。,謝謝，感謝您的耐心等待。您是否會說您對某人有強烈的感受或表達過以下任何一種情緒：,,,,,,,我對客戶服務主管感到反感，因為她在我敘述我的問題時拒絕看清原因,我對我兒子很生氣，因為他今天沒有吃午飯,我對我的鄰居很生氣，因為他正在製造噪音,,,,,我很高興你能分享你的情緒。我想再問你幾個問題，以便更好地了解情況。,,,,,,,,,,,,,,,,,,,,,,,,,,,,,,,,,,
女性,25-29,我有點沮喪,我真的很難過，因為我的狗跑了,男朋友跟我分手了，今天好難過,謝謝你。有沒有發生什麼讓你難過的事情？,謝謝，我明白了。你能告訴我這是最近發生的事情還是前一陣子發生的事情嗎？我希望你沒有因為這次事件而受到太多傷害。,如果你最近在研究協議6 並且它從過去的事件中帶回了一些不好的感覺，你能告訴我嗎？,你能告訴我你最近是否在嘗試協議11 並且它從最近的事件中帶回了一些不好的感覺嗎？,謝謝你告訴我。我現在會問你一些問題，以便更多地了解你的情況。,你能告訴我你最近是否有以下任何情緒，或者你是否向其他人展示過這些情緒：,,,,,,,我很生氣。我丟了錢,我很心煩,我覺得脾氣很暴躁,,,,,,,,,,,,,,,,,,,,,,,,,,,,,,,,,,,,,,,
男性,25-29,我一直看中東的新聞報導讓我更加焦慮。,隨著學年即將結束，我有點堅定，我會想念我的學生。,我很難過，因為這是一個長周末，但我必須工作。,是不是發生了什麼事情導致了這種感覺？,你能告訴我這個或多個事件是最近發生的還是過去發生的？,你是否嘗試過協議6，如果是的話，回顧這個​​創傷性事件是否會重新打開導致情緒爆發的舊傷口？,你是否嘗試過協議11，如果是的話，回顧最近的事件是否會重新打開導致情緒爆發的傷口？,謝謝，我很感激。我將嘗試通過問你更多問題來深入了解這個問題。,你能想出一個你強烈感受到或向別人展示這些情緒的時候嗎：,,,,,,,我很生氣，因為我找不到借記卡。,我很不高興，因為我的手機摔壞了。,我有點生氣，因為詹姆斯沒有完成他的任務。,是特殊情況造成的嗎？,你認為這是由剛剛發生的事情還是你過去更遙遠的事情引起的？,您最近是否嘗試過協議6，如果是，您是否正在考慮過去的一些創傷性情況，這些情況可能會重新打開這些傷口並帶出這些情緒？,你最近有沒有嘗試過協議11，如果是的話，你有沒有想過你過去的一些創傷性情況可能會打開這些傷口並帶出這些情緒？,謝謝。我將通過問你一些問題來深入挖掘，以便我們解決這個問題。,您是否曾向其他人感受或表達過以下任何情緒：,,,,,,,,,,,,,,,,,,,,,,,,,,,,,,,,,
女性,50-59,我因分手感到很沮喪。,我只是不想再繼續下去了，一切似乎都是那麼絕望。,我無法停止哭泣，因為我非常想念我的媽媽。,我很抱歉聽到這個。你能找出讓你有這種感覺的具體事件嗎？,你現在一定很痛。你能分享一下這個事件是最近發生的還是更久以前？,我想知道，最近嘗試協議6 是否會引發任何不好的感覺？如果發生這種情況，我希望你不會因為那次練習而受太多苦。,我想知道，最近嘗試協議6 是否會引發任何不好的感覺？如果發生這種情況，我希望你不會因為那次練習而受太多苦。,我感謝你的努力，儘管這對你來說一定很艱難。我現在有一些問題可以幫助您了解您的情況。,如果你沒問題，你能告訴我你是否對任何人有過以下強烈的感覺：,,,,,,,我很生氣我的同事因為我的工作而受到讚揚。,我的室友因為她的草率而讓我發瘋！,如果其他人試圖在交通中切斷我，我會爆炸！,謝謝你，我知道你現在很不高興，但如果你能告訴我更多，我將非常感激。是否有特定事件引起了您的憤怒？,觸發事件是最近的還是很久以前的？,我想知道，如果你有機會嘗試一下，你是否感受到了協議6 引發的憤怒？,我想知道，如果您有機會嘗試一下，您是否感受到了協議11 引發的憤怒？,我很感激你試圖發洩你的憤怒。讓我們試圖尋找一些問題的答案，以便我們更好地了解您的情況。,我知道你生氣了。你能告訴我，除了這種憤怒之外，你是否對任何人也有過以下強烈的情緒：,,,,,,,,,,,,,,,,,,,,,,,,,,,,,,,,,
男性,40-49,我今天心情很不好。,我希望我感覺更快樂，但是這幾天過得很艱難。,最近幾天我的心情一直很低落。,你的情緒是由什麼特定的事情引起的嗎？,引起您悲傷的事件是最近發生的事件還是不久前發生的事情？,您是否能夠嘗試協議6，如果是，您是否覺得該協議帶來了您過去經歷過的同樣困難的情緒？,您是否能夠嘗試協議11，如果是，您是否覺得該協議帶來了與您在活動期間經歷的相同的困難情緒？,感謝您分享您的感受。我有幾個問題可以幫助我了解您的情況。,您是否發現自己對另一個人有以下任何一種情緒和/或表達：,,,,,,,不太好，我度過了非常沮喪的一天。,我現在很生氣。,一切似乎都不順利，我無法讓任何人聽我說話。,你能告訴我你的憤怒是否是由特定事件引起的嗎？,引起你憤怒的事件，你認為是最近發生的還是不久前發生的？,您最近是否能夠處理協議6，如果有，您是否注意到您有與這次活動中類似的負面情緒？,您最近是否能夠處理協議11，如果有，您是否注意到您有與這次活動中類似的負面情緒？,我很感激你與我分享這個。我想再問幾個問題，以幫助我了解您的情況。,您是否發現自己有任何這些情緒，或者您是否曾向另一個人表達過這些情緒：,,,,,,,,,,,,,,,,,,,,,,,,,,,,,,,,,
女性,30-39,沒那麼好。我感到有點孤獨,不太好。我今天工作搞砸了。,我有點沮喪。我今天考試不及格。,我明白。是否發生了特定事件使這發生？,明白了，謝謝分享。這是最近發生的還是遙遠的事件？,,,我與您的情緒保持一致，我們將了解如何克服它。我想再問你一些問題，以更好地理解你為什麼會有這種感覺。,請問您最近是否有過或表現出以下情緒：,,,,,,,不是很好。我對我的一個同事很生氣。,我真的對我丈夫很生氣，他和我吵架了。,我覺得很爛，我和我朋友吵架了。,我明白了，謝謝你對我敞開心扉。是不是發生了什麼事情導致了這個？,我能理解。最近或遙遠的事件是否導致了這種情況？,,,我很遺憾聽到你正在經歷這一切。現在我會問你一些更多的問題來了解發生了什麼，感謝你的配合。,,,,,,,,,,,,,,,,,,,,,,,,,,,,,,,,,,
男性,25-29,我最近情緒低落，無法擺脫這種恐懼。,我感到沮喪，不像我自己。,我感覺有點慘，心情可以更好。,我很抱歉聽到這個。會不會是因為某個事件？如果是這樣，我希望這對你來說不是太難。,請問這種感覺是最近還是過去的事情引起的？,你有沒有嘗試過協議6，如果是這樣，這是否會引發過去的負面情緒？,你有沒有嘗試過協議11，如果是這樣，這是否會引發最近的負面情緒？,感謝分享。如果你沒問題，我還有一些問題。,如果可以的話，在有人陪伴時，您是否有過以下強烈感受或情緒：,,,,,,,我被推到了惡化的地步，失去了冷靜。,老實說，我感到很生氣，就像我會傷害某人一樣。,我的情緒在沸騰，我快要爆炸了。,你覺得這可能是單一事件的結果嗎？,這種憤怒是否有可能是最近的原因，還是由於遙遠的過去發生的事情？,你有沒有嘗試過協議6，這是否有可能從過去的事情中引起一些緊張的情緒？,你有沒有嘗試過協議11，這是否有可能從過去的事情中引起一些緊張的情緒？,我很感激你與我分享。我還有幾個問題。,我現在要列出一些情緒。你能告訴我你是否對某人有過以下情緒：,,,,,,,,,,,,,,,,,,,,,,,,,,,,,,,,,
男性,30-39,非常不安。本週早些時候我失去了一個親人。,好鬱悶。我最近被解雇了,一點都不好。我最近真的很懷疑自己。,我很遺憾聽到你感到難過。你知道是什麼導致了這種悲傷的感覺，這是一個特定的事件嗎？,引起你悲傷的事件是最近發生的還是遙遠的？,我明白這可能很困難。請問你是否嘗試過協議6 來更好地理解你的情緒，但通過它太痛苦了？,我明白這可能很困難。請問你是否嘗試過協議11 來更好地理解你的情緒，但通過它太痛苦了？,感謝您與我分享這一切，我想這一定很困難。我想通過更多的問題更好地了解您正在經歷的事情。,在這個困難時期，您是否有過以下強烈的情緒：,,,,,,,我很生氣。一切都不正常！,我現在無法忍受我生命中的任何人。,我討厭我接觸的每個人。,我很遺憾聽到它，這是我們所有人有時都會經歷的事情。你能告訴我這些感覺是否來自特定的事件？,我明白了，謝謝你。這是否源於最近發生的事情，還是已經醞釀了一段時間的遙遠事件？,我知道有時回想過去會讓人不舒服。你有沒有試過通過協議6 工作？如果是這樣，您是否感到無法處理出現的情緒？,我知道有時回想過去會讓人不舒服。您是否嘗試過通過協議11？如果是這樣，您是否感到無法處理出現的情緒？,我想幫忙。請回答幾個問題，幫助我更好地了解您的情況。,有時我們在某些情況下感覺非常強烈。您是否對生活中的某個人有過以下任何一種情緒：,,,,,,,,,,,,,,,,,,,,,,,,,,,,,,,,,
男性,30-39,我今天非常難過。我一直在想我的母親，她最近去世了。這很困難。,我做得不是很好。我一直有人際關係問題。,不是很好，老實說。我只是最近似乎沒有任何積極的感覺。,如果您不介意分享，您是否因為某個特定事件而有這種感覺？,這是最近發生的事情還是很久以前發生的事情？,你最近是否嘗試過協議6，結果，過去發生的事情重新點燃了不受控制的情緒？,你最近有沒有嘗試過協議11，結果，最近發生的事情重新點燃了不受控制的情緒？,非常感謝你與我分享這一點，我能體會到這種感覺。我只需要問幾個問題就可以更好地了解您現在正在處理的問題。,您是否發現自己對某人有強烈的感受或表達以下任何一種情緒：,,,,,,,我現在很生氣。我的搭檔欺騙了我，這讓我很沮喪。,我只是想打人，真的。我現在對一切都感到厭煩了。,我很生氣。我的老闆把我逼瘋了，我的朋友一直向我要我幫不了他的忙。,你有這種感覺是因為發生了什麼特別的事情嗎？,這是因為最近或很久以前發生的事情嗎？,我能理解你的心情。您是否嘗試過協議6 並發現自己因為過去的事件而感到無法輕鬆控制的情緒？,我能理解你的心情。您是否嘗試過協議11 並發現自己因為過去的事件而感到無法輕鬆控制的情緒？,感謝您與我分享這一點，我知道對這些事情誠實可能很難。現在我會問你幾個問題，以便更好地了解你目前的情況。,您是否會說您對另一個人有強烈的感受或表達以下任何一種情緒：,,,,,,,,,,,,,,,,,,,,,,,,,,,,,,,,,
女性,30-39,我真的很著急，我感覺我沒有通過考試,我的一個朋友去世了，我感到很失落,我無法處理日常任務，我感到非常不知所措,聽到你很難過，我很抱歉。有什麼事情讓你難過嗎？,這是因為最近或遙遠的情況而發生的嗎？,你能告訴我在嘗試協議6 重溫過去的創傷事件後，你是否開始有這種感覺？,你能告訴我在嘗試協議11 重新審視最近發生的事件後，你是否開始有這種感覺？,到目前為止，感謝您的回答。如果可以的話，我會再問一些問題，以便更好地理解。,如果可以繼續，你能告訴我你是否對某人表達過以下任何情緒：,,,,,,,我很生氣，因為我被無故解雇了,我對我的搭檔很生氣，我發現他們出軌了,我的家人讓我發瘋，我受不了他們,我能理解你的心情。這些感覺是由特定的東西引起的嗎？,感謝您的意見，很抱歉您必須處理這個問題。你能告訴我這是由最近還是遙遠的事情引起的嗎？,這真的很有幫助，謝謝。據您所知，執行協議6 是否讓您感到生氣或不安？,這真的很有幫助，謝謝。據您所知，執行協議11 是否讓您感到生氣或不安？,所有這些都非常有價值，感謝您到目前為止的回答。如果可以的話，我想問更多關於你的感受的問題。,您是否非常沮喪，以至於向其他人表達了以下任何情緒：,,,,,,,,,,,,,,,,,,,,,,,,,,,,,,,,,
女性,40-49,感覺不太好，我真的很掙扎。,其實，最近心情有點低落。,我好像生病了，不太舒服。,是不是有什麼特別的事情帶來了這種感覺？,最近或遙遠的事情是否觸發了這些感覺？,您是否執行了協議6 並讓您感覺更糟？,您是否執行了協議11 並且讓您感覺更糟？,我知道你情緒低落，我很抱歉聽到它。我們通過幾個問題來研究一些可能會幫助您感覺更好的方法如何。,最近有沒有這些感覺困擾著你：,,,,,,,我非常失望。,我一點都不好。,我沒心情說話。,您是否因為某些特定的事情而感受到這些情緒？,請告訴我，這是最近發生的還是前一段時間發生的？,您是否嘗試使用協議6 並且它是否讓您感到更加激動？,您是否嘗試使用協議11 並且它是否讓您感到更加激動？,非常感謝。如果可以的話，讓我們通過幾個簡單的問題來更好地了解情況。,最近有沒有這些感覺困擾著你：,,,,,,,,,,,,,,,,,,,,,,,,,,,,,,,,,
男性,30-39,不太好。由於壓力，我最近一直感到悲傷和昏昏欲睡。,事情可能會更好。由於我的學校成績，我最近陷入了困境。,一點都不好。我只想躲在我的房間裡，從世界上所有的動盪中睡覺。,你能告訴我是否有特定的情況讓你有這種感覺嗎？,你覺得讓你體驗這些感覺的情況是最近的還是遙遠的？,你覺得你最近的悲傷情緒可能是因為嘗試了協議6 嗎？,你覺得你最近的悲傷情緒可能是因為嘗試了協議11 嗎？,謝謝，希望我們能更好地了解您最近的困難。如果可以的話，我今天還有幾個問題要問你。,您能否告訴我，您是否在表達或強烈感受以下列出的任何情緒時遇到困難：,,,,,,,我最近對正在發生的政治局勢充滿了憤怒和仇恨。,我只是想砸東西。我的老闆最近很為難。,老實說，我現在可能會破壞某些東西。我的一門課沒及格。,我很遺憾聽到。在您的腦海中是否有讓您有這種感覺的特定事件？,我想幫助您了解這種情況。你能告訴我這個事件是最近發生的還是更遠的過去？,你覺得當前的憤怒可能與嘗試協議6 相關嗎？,你覺得目前的憤怒可能與嘗試協議11 相關嗎？,這是非常有幫助的。我今天還有幾個問題要問你。,您是否覺得自己一直在為他人或自己的情緒調節而苦苦掙扎，並經歷過以下任何一種情況：,,,,,,,,,,,,,,,,,,,,,,,,,,,,,,,,,
男性,30-39,我今天很沮喪。,我感覺不太好，我很沮喪。,由於某種原因，我今天感覺很憂鬱。,有沒有什麼特別的事情讓你有這種感覺？,這是剛剛發生的事情還是過去發生的事情？,您是否嘗試完成協議6 並且由於過去發生的事情而導致重新喚醒一些不好的感覺？,您是否嘗試完成協議11 並且由於最近發生的事情而導致重新喚醒一些不好的感覺？,謝謝你讓我知道，我很感激。我現在想做的是問幾個關於正在發生的事情的問題，這樣我就可以更好地了解正在發生的事情。,您是否經歷過以下任何關於某個人的強烈情緒，和/或您是否將這些情緒傳達給該人：,,,,,,,我現在真的很生氣。我剛剛和一個指責我沒有做的事情的人發生了爭執。,我很沮喪！無論我說什麼，我的父母都不理解我。,我很生氣，我的房東剛剛給了我一些可怕的消息。,你能告訴我，你對發生的某件事有這種感覺嗎？,您是否對最近或很久以前發生的事情感到強烈？,無論如何，你是否完成了協議6，這是否帶來了與過去事物相關的不良情緒？,無論如何，您是否通過協議11 並且這是否帶來了與過去事物相關的不良情緒？,很高興你能告訴我，謝謝。現在，如果你沒問題，我想問你一些事情，這樣我就可以確定現在發生了什麼。,您能否告訴我，您是否對某個人有過以下強烈感受和/或是否讓此人知道您的感受：,,,,,,,,,,,,,,,,,,,,,,,,,,,,,,,,,
男性,40-49,今天不太好,我真的很難過，以至於我想哭一整天,我今天真的很沮喪,我很遺憾聽到你有這種感覺。你能告訴我是否有特定的事件導致了這種情況？,讓你有這種感覺的事件是最近發生的還是很久以前發生的？,你最近是否嘗試過協議6，它是否帶回了過去的一些艱難情緒？,你最近有沒有嘗試過協議11，它是否讓你從最近的過去恢復了一些艱難的情緒？,感謝分享。請讓我問你幾個問題，以便更好地了解我可以如何提供幫助。,您是否與某人討論過，或者您是否有過以下強烈情緒：,,,,,,,我又開始真的生氣了,對一切都很生氣,我以為我在變好，但我真的又為事情生氣了,我聽你的。我可以問你是否有一個事件讓你有這種感覺？,這是前一段時間的憤怒還是發生了一些新的事情來啟動它？,您是否能夠嘗試協議6，這是否讓您感覺更糟？,您是否能夠嘗試協議11，這是否讓您感覺更糟？,謝謝。我希望你不介意我多問一些問題，這樣我才能更好地理解。,您是否會說您對他人感受到或表現出以下任何負面情緒：,,,,,,,,,,,,,,,,,,,,,,,,,,,,,,,,,
女性,50-59,我感到很沮喪，因為連續一周都在下雨。,不太好;我因為生病錯過了一個生日派對。,不是很好。我今天不得不加班兩個小時。,是不是發生了什麼特別的事情導致了這種情況？,這是最近發生的事情還是更遙遠的事情？,您是否嘗試使用協議6，如果是，這是否會因為過去的事件而引發困難的情緒？,您是否嘗試使用協議11，如果是，這是否會因為最近發生的事件而引發困難的情緒？,感謝您到目前為止的答复。接下來的問題將有助於更好地了解您正在經歷的事情。,您是否因對他人產生以下任何情緒而煩惱：,,,,,,,事實上，我這週都在加班，這讓我很生氣。,不太好，因為銀行搞砸了我的支票賬戶。,其實，我對這個冬天取暖油的價錢而生氣。,這是因為某些特定的事情而發生的嗎？,這是最近發生的還是由於遙遠過去的事件？,你有沒有嘗試過協議6 並發現它因為過去的事件引發了強烈的負面情緒？,你有沒有嘗試過協議11 並發現它因為過去的事件引發了強烈的負面情緒？,謝謝你的回應。接下來，會有一些問題，以便我們更好地了解您的情況。,您是否有過強烈的情緒，或向他人表達過以下任何一種情況：,,,,,,,,,,,,,,,,,,,,,,,,,,,,,,,,,
女性,30-39,我只是感覺真的很沮喪。,我感覺不像往常快樂的自己。,我今天對自己真的很失望。,在您的個人生活中是否發生過任何事情導致這些感覺？,,您是否碰巧嘗試過協議6，您認為這可能是您產生這些負面情緒的原因嗎？,您是否碰巧嘗試過協議11，您認為這可能是您產生這些負面情緒的原因嗎？,感謝分享。如果你能接受的話，我還有幾個問題。,您是否與生活中的任何人感受到或分享了以下任何感受：,,,,,,,我只是一直很生氣,我什至不想談論它,我只是隨機有這些爆發,是不是有什麼事情引起了這個？,我很抱歉聽到這個。這是最近發生的，還是前一段時間發生的？,您是否能夠嘗試協議6，並且您是否覺得它對您的情緒產生了負面影響？,您是否能夠嘗試協議11，並且您是否覺得它對您的情緒產生了負面影響？,感謝你的分享。如果你不介意，我想問你更多。,在您的生活中，您是否有可能對他人感受到或表現出以下任何強烈情緒：,,,,,,,,,,,,,,,,,,,,,,,,,,,,,,,,,
女性,40-49,我很鬱悶。我找不到起床的動力。,糟糕的。男朋友甩了我,我很崩潰。我無法停止哭泣。我的狗今天被車撞死了。,請告訴我，這是由特定事件引起的嗎？,明白了，謝謝這是由最近或遙遠的事件（或事件）引起的嗎？,你最近是否嘗試過協議6，如果你嘗試過，它是否會從過去的事件中帶來困難的情緒？,你最近是否嘗試過協議11，如果你嘗試過，它是否從最近的事件中帶來了困難的情緒？,謝謝你與我分享。現在我想問你一些問題，以便我能更好地了解你的情況。,我現在要給你看一份情緒清單。請告訴我您是否對某人有過強烈的感受或表達過以下任何情緒：,,,,,,,我很生氣，因為我哥哥偷了我50 美元。,我想砸人的臉。現在的人都是混蛋。,我的車停在雜貨店停車場時，有人蹭了我的油漆，我很生氣。,你心煩意亂的原因是特定的事件（或事件）嗎？,我知道了。是最近或遙遠的事件（或事件）讓您感到不安嗎？,您是否嘗試過協議6，如果嘗試過，您是否發現它帶來了過去的困難情緒？,您是否嘗試過協議11，如果嘗試過，您是否發現它帶來了過去的困難情緒？,你所經歷的聽起來很難。為了更好的了解你的情況，我現在再問你一些問題。,我現在要向你展示一份情緒清單。請告訴我您是否對某人有過強烈的感受或表達過以下任何情緒：,,,,,,,,,,,,,,,,,,,,,,,,,,,,,,,,,
男性,40-49,我感到非常難過。昨晚我失去了親人。,我很鬱悶我考試不及格。,我一點都不舒服。一切事情都不順。,在這種感覺之前發生了什麼嗎？,這個事件是最近發生的還是很久以前發生的？,,,我很感激你的分享。讓我們再談談這個。,您是否感覺到或與其他人談論過以下任何情緒：,,,,,,,我很生氣。我老闆給我寫的！,我氣得要死。我輸了一個大賭注。,我生氣了。我厭倦了我的妻子。,很抱歉你有這種感覺，我想知道更多關於發生的事情。這是由特定事件引起的嗎？,這是最近發生的還是前一段時間發生的？,,,我能理解生氣是什麼感覺，並想提供幫助。如果你不介意的話，讓我們多談談這個。,,,,,,,,,,,,,,,,,,,,,,,,,,,,,,,,,,
男性,40-49,我做得不太好。,我今天很難過。,我並不像我想的那樣快樂。,為了讓您感覺更好，我需要了解是否發生了什麼事情導致了這種情況。是否有特定事件讓您感到悲傷？,了解您處理此問題的時間很重要。請問這是最近發生的事件還是遙遠的事件？,我們過去的事件可能會引發情緒高漲。你在做協議6 時是否經歷過強烈的負面情緒？,我們最近發生的事件可能會引發情緒高漲。您在執行協議11 時是否經歷過強烈的負面情緒？,我很感激你與我分享這個。如果您覺得合適，我希望您現在提供更多信息給我。,您自己是否經歷過這些負面情緒和/或向其他人展示過這些負面情緒：,,,,,,,我很心煩。,我很生氣。,我對某人生氣。,哦，我很遺憾聽到它，我想更多地了解是什麼讓你有這種感覺。是因為某個特定的事件嗎？,最近或很久以前的事件是你有這種感覺的原因嗎？,謝謝，我能理解。完成協議6 是否讓您重溫了這次令人不安的事件的情緒？,謝謝，我能理解。完成協議11 是否讓您重溫了這次令人不安的事件的情緒？,我現在想獲得更多信息，以便更好地幫助您。,很抱歉你感覺不好，想通過更多調查來幫助你。您是否表達過或經歷過以下任何負面情緒：,,,,,,,,,,,,,,,,,,,,,,,,,,,,,,,,,
女性,30-39,我感覺沒那麼好。,我昨天和朋友鬧翻了,我今天好難過,哦，聽到這個我很抱歉。是特定情況導致的嗎？,這是由最近或遙遠的事件引起的嗎？,您最近是否嘗試過協議6 並發現由於舊的記憶而重新點燃了這種無法控制的感覺？,你最近有沒有嘗試過協議11 並發現這種由於最近的記憶而重新點燃的無法控制的感覺？,很抱歉聽到你的麻煩。我現在要問一些問題，以了解您的情況。,您是否對某人有以下感受或表達過以下感受：,,,,,,,我今天感覺不太好。,我對同事的行為感到憤怒。,真的受夠了這個。,這是由特定情況引起的嗎？,這是由最近或遙遠的情況引起的嗎？,最近，您是否嘗試過協議6 並發現它從舊情況中帶回了負面情緒？,最近，您是否嘗試過協議11 並發現它從舊情況中帶回了負面情緒？,現在我會問一些問題以更好地理解這種情況。,您是否對某人明確感受到或表達了以下任何感受：,,,,,,,,,,,,,,,,,,,,,,,,,,,,,,,,,
女性,30-39,特別糟糕,我想哭,我很鬱悶,有沒有發生什麼事情讓你有這種感覺？,事件是最近發生的還是過去發生的？,重溫過去的負面事件會讓您感到非常不舒服嗎？,重溫最近發生的這件負面事件，您真的會感到不自在嗎？,謝謝你向我解釋這個。我想問一些後續問題。,您是否對他人有以下強烈的情緒：,,,,,,,我很生氣,我想喊,我很不高興,有沒有人或事讓你生氣？,這個事件是最近發生的還是很久以前發生的？,如果您嘗試過協議6，這是一種困難的體驗嗎？,如果您嘗試過協議11，這是一種困難的體驗嗎？,我要感謝你如此開放。如果你不介意，我現在再問你一些問題。,在您的生活中，您是否對其他人有以下任何情緒：,,,,,,,,,,,,,,,,,,,,,,,,,,,,,,,,,
男性,40-49,我心情不好。,我覺得自己很糟糕。,我覺得有點絕望。,你認為有什麼特別的事情讓你有這種感覺嗎？你可以對我敞開心扉。,謝謝，我想知道您認為您生活中的什麼事件引發了這種感覺。這是最近發生的事件還是更遙遠的過去？,你認為現在回想這件事會傷害你嗎？,你認為現在回想這件事會傷害你嗎？,為了詳細了解您有這種感覺的原因，如果可以的話，我現在想請教您一些問題。,我很感謝你分享的感受。請問您是否有過以下感受：,,,,,,,我他媽的氣死了。,我厭倦了這種狗屎。,我完全瘋了。,謝謝，我想更好地了解正在發生的事情。請告訴我，這是由特定事件引起的嗎？,這個事件和你感受到的情緒是最近發生的，還是由遙遠的過去發生的事情引起的？,您是否認為嘗試協議6（如果您最近這樣做）會在這裡產生負面影響？,你認為嘗試協議11，如果你最近這樣做了，在這裡有負面影響嗎？,很好，謝謝你的坦率和誠實。我想問一些問題，以便更好地了解您的情況。,您是否有任何這些強烈的情緒和/或您曾與任何人專門討論過這些情緒：,,,,,,,,,,,,,,,,,,,,,,,,,,,,,,,,,
男性,30-39,由於我的健康狀況，感覺非常糟糕。,由於無法參加家庭活動，我感覺不太好。,我沒有那麼好，因為我被上級罵了。,你還記得是否有什麼事情讓你有這種感覺嗎？,請問是最近發生的還是很久以前的？,您是否嘗試過使用協議6 並且它是否帶回了不舒服的情緒？,您是否嘗試過使用協議11 並且它是否帶回了不舒服的情緒？,我很欣賞你的開放。我還有幾件事想了解。,最近您是否對他人有以下任何一種感覺：,,,,,,,我感到非常生氣，因為一個陌生人襲擊了我。,我感到非常生氣，因為我的兒子不聽從我的指示。,我感到非常生氣，因為我姐姐傷害了我很多。,有沒有一件特別的事情讓你有這種感覺？,你開始有這種感覺是因為最近發生的事情，還是更遙遠的過去重新出現的事情？,你有沒有嘗試過協議6，你是否發現它引發了你過去無法控制的情緒？,你有沒有嘗試過協議11，你是否發現它引發了你過去無法控制的情緒？,我希望我們今天能解決問題，讓你感覺更好。我還有幾個問題要問是否可以。,您是否對另一個人真正感受到或採取了以下任何一種情緒：,,,,,,,,,,,,,,,,,,,,,,,,,,,,,,,,,
女性,50-59,我覺得很難受。,我想我不能再繼續下去了。,我的生活一片混亂。,你能想到讓你開始有這種感覺的具體事件嗎？,這是由於最近或更遠的事件引起的嗎？,您最近是否嘗試過協議6，並發現它使過去事件產生的無法控制的情緒恢復生機？,您最近是否嘗試過協議11，並發現它使最近發生的事件引起的無法控制的情緒恢復生機？,非常感謝。現在，如果可以的話，我將嘗試更好地了解您的情況。,您是否對任何人經歷或表現出以下任何情緒：,,,,,,,每個人都反對我——我的老闆、我的丈夫和我的孩子。,我太生氣了，我可以殺了人。,我對家鄉的情況感到非常生氣。,是否有特定事件導致了這種情況？,你會說最近或遙遠的事件導致了這種情況嗎？,您最近是否嘗試過協議6 並經歷過因過去的事件而導致您無法控制的重新點燃的情緒？,您最近是否嘗試過協議11，並經歷過因過去的事件而導致您無法控制的重新點燃的情緒？,感謝您迄今為止的合作。如果您同意，我想繼續提出一些問題，以便更好地了解您的情況。,您是否對任何人經歷或表現出以下任何情緒：,,,,,,,,,,,,,,,,,,,,,,,,,,,,,,,,,
男性,50-59,感覺鬱悶今天工作不順利。,只是感覺真的處於我生命中的低谷，似乎什麼都不對。,我今天失去了一個親密的朋友，感到非常難過和孤獨。,很抱歉聽到這個，我可以理解。是否有導致這種情況的事件？,有這種感覺是可以的。這個事件是最近發生的還是不久前發生的？,協議6 可以喚起您可能很久都沒有感受到的情緒，所以我想知道這是否是您的正確選擇。有沒有可能你最近嘗試了協議6，這又重新點燃了這些負面情緒？,協議11 可以喚起您一段時間內可能沒有感受到的情緒，所以我想知道它是否是您的正確選擇。有沒有可能你最近嘗試了協議11，這又重新點燃了負面情緒？,我明白你正在經歷什麼。我現在想問一些問題，以進一步了解您的困境。,困難的情況會使我們的情緒感到緊張。您是否有任何這些強烈的感受和/或您向另一個人表達過它們：,,,,,,,我對我的朋友很生氣，因為他不服從我。,我對我弟弟很生氣。,我對我朋友的不當行為感到憤怒。,,,,,,,,,,,,,,,,,,,,,,,,,,,,,,,,,,,,,,,
女性,25-29,不好，我在工作中度過了緊張的一天。,還好吧，我覺得。,我累了;一切都感覺像是一種努力。,有沒有什麼特別讓你感到難過的事情？,,您是否嘗試遵循協議6，如果是這樣，您是否感到不安？,您是否嘗試遵循協議11，如果是這樣，您是否感到不安？,謝謝分享，我是來聽的。請讓我再問你幾個問題。,您最近是否經歷過以下情緒：,,,,,,,我很生氣。,我只是覺得最近很生氣。,我有很多事情要做；我生氣了。,是不是發生了什麼特別的事情激起了你的憤怒？,觸發是最近發生的事件，還是遙遠的事件？,是否遵循協議6，如果你有，激起任何不愉快的感覺？,遵循協議11（如果有）是否激起了任何不愉快的感覺？,你現在的感受是一種有效的情緒。我想問一些問題以了解您來自哪裡。,如果我問你，你最近有沒有表達過這些情緒：,,,,,,,,,,,,,,,,,,,,,,,,,,,,,,,,,
女性,30-39,我真的感到很失落和悲傷。我的伙伴和我分手了。,今天我心情非常低落。我只是沒有一個美好的早晨。,我真的很沮喪，有點絕望。我想我很沮喪。,有沒有發生什麼特別的事情讓你有這種感覺？,我明白。這是最近發生的還是在遙遠的過去發生的事情？,感謝您如此開放，我正在努力確定幫助的最佳方式，並知道重新審視創傷有多麼困難。我很好奇協議6 是否對你來說太痛苦了？,感謝您如此開放，我正在努力確定幫助的最佳方式，並知道重新審視創傷有多麼困難。我很好奇協議11 是否對你來說太痛苦了？,感謝您如此開放，我知道這有多難。我還有幾個問題要嘗試更好地了解您所處的位置以及如何提供幫助。,我將向您展示一系列不健康的情緒，但有時會向他人感受或表達這些不健康的情緒。如果您對生活中的人經歷過以下任何一種情緒，請告訴我：,,,,,,,我現在很生氣，我不知道為什麼。,我氣得快要爆炸了——我哥哥真的知道如何按我的按鈕。,我很生氣，覺得沒有人尊重我。,明白了，謝謝分享有沒有發生什麼讓你有這種感覺的具體事情？,知道了。這是多久以前，最近還是很久以前？,協議6 是難度更大的練習之一，並不適合所有情況；我正在嘗試確定它是否適合您。您是否嘗試過協議6 並發現它太難了？,協議11 是一項更艱鉅的練習，並不適合所有情況；我正在嘗試確定它是否適合您。您是否嘗試過協議11 並發現它太難了？,感謝您到目前為止的耐心等待。我還有幾個問題可以更好地確定如何提供幫助。,我們都會感受到某些情緒，但如果我們專注於它們或根據它們採取行動，那可能是不健康的。最近幾天，您是否對以下任何情緒感到非常強烈或向他人表達過這些情緒：,,,,,,,,,,,,,,,,,,,,,,,,,,,,,,,,,
女性,30-39,我真的很不高興，我的小狗昨天跑了，我到處都找不到他。,我感覺很糟糕，我沒有通過我的課程，我不能畢業了。,非常難過，我正在一個悲傷日子的紀念日想起它。,這種感覺是由特定事件引起的嗎？,對不起，那一定很難。是最近發生的事情還是很久以前發生的事情？,您是否嘗試執行協議6，如果是這樣，是否會引發不舒服的感覺？,您是否嘗試執行協議11，如果是這樣，是否會引發不舒服的感覺？,我理解你很傷心，在這種複雜的情況下這是完全有道理的。我現在有幾個問題要問您，以幫助我了解正在發生的事情。,您是否對另一個人感受到或表現出以下任何情緒：,,,,,,,很糟糕,我很生氣,我一點都不開心,是否發生了某個或多個事件導致您出現這種情況？,這是最近發生在你身上的事情，還是來自你更遙遠的過去？,您是否嘗試過協議6 並讓您感到不知所措？,您是否嘗試過協議11 並讓您感到不知所措？,你很堅強，我相信如果我們一起努力，這一切都會過去，你會感覺更好。我現在很想再問一些問題，以便我能理解。,在您的生活中，您是否對他人有強烈的以下情緒：,,,,,,,,,,,,,,,,,,,,,,,,,,,,,,,,,
女性,25-29,不太好，今天早上我下雨淋濕了。,老實說，我心情不太好。我考試沒及格。,太可怕了，昨晚有人闖入我家。,這是因為什麼特別的事情嗎？,這種感覺是因為最近或遙遠的事件而產生的嗎？,您最近是否嘗試過方案6 並因此重溫了創傷性事件？,您最近是否嘗試過協議11 並因此重溫了創傷性事件？,謝謝你。我現在會問你幾個問題，以便更好地了解你的情況。,您最近是否對任何人有過以下情緒：,,,,,,,我現在感到很生氣。,我很生氣。,,,,,,,,,,,,,,,,,,,,,,,,,,,,,,,,,,,,,,,,
男性,40-49,我感覺不太好。,很不幸，我不太好。,今天我的心情很沉重。,你能想到發生這種情況的具體原因嗎？,你能告訴我更多關於發生的事情嗎？這個事件是遙遠的還是最近的？,您是否嘗試過協議6 並且可能發現這並沒有像您希望的那樣提供幫助？,您是否嘗試過協議11 並且可能發現這並沒有像您希望的那樣有幫助？,謝謝你今天和我分享這個。我還有一些問題要問，以幫助更好地了解您的情況。,我想知道有些情緒最近是否出現在你的生活中。您是否認同以下任何一種情緒：,,,,,,,我一點都不好。其實挺煩的。,我現在很生氣。,我很生氣，想要感覺好點。,我明白了，謝謝你和我分享你的感受，我想知道更多發生的事情。這是由特定原因引起的嗎？,感謝你的分享。這是最近發生的事情還是很久以前發生的事情？,如果您嘗試過協議6，結果如何，是否勾起了不好的回憶？,如果您嘗試過協議11，結果如何，是否勾起了不好的回憶？,謝謝你和我分享這個。我還有幾個問題可以幫助我了解情況。,您是否會說您最近對任何人感到或表達了以下任何情緒：,,,,,,,,,,,,,,,,,,,,,,,,,,,,,,,,,
男性,50-59,我覺得很難受。我狗丟了。,我情緒低落。好像生病了。,我感到很失望。我被朋友出賣了。,我很遺憾聽到。你能告訴我它是否是由你可以分享的特定事件或事件引起的嗎？,明白了，謝謝分享。你會說這是最近發生的還是遙遠的事件，這樣我才能得到更好的畫面？,我認為協議6 可能會有所幫助，但在我提出建議之前，我想進一步調查一下。如果你最近嘗試過協議6，你能告訴我它是否會因為舊的事件而導致無法控制的情緒嗎？,我認為協議11 可能會有所幫助，但在我提出建議之前，我想進一步調查一下。如果你最近嘗試過協議11，你能告訴我它是否因為最近的事件而導致無法控制的情緒嗎？,非常感謝你跟我說話。想請教您一些問題，以便更好地了解您的情況。,如果您對任何人感到或表達了任何情緒，請隨時告訴我：,,,,,,,我不好。我頭上的工作壓力太大了。,我沒有心情和別人說話。,我沒那麼好，我想一個人呆著。,,,,,,,,,,,,,,,,,,,,,,,,,,,,,,,,,,,,,,,
女性,40-49,我感到很沮喪，今天早上我不想起床。,我很傷心，我之前在淋浴時哭了。,我不想吃早餐，因為我太難過了。,是不是發生了什麼事情導致了這種情況？,這個事件是最近發生的還是前一陣子發生的？,您最近是否嘗試過考慮此事件，但發現它太痛苦了？,您最近是否嘗試過考慮此事件，但發現它太痛苦了？,感謝您分享這個。現在我想更好地了解你的情況，所以我會問你一些問題，如果可以的話。,您是否記得對某人有或表達過以下任何強烈的負面情緒：,,,,,,,我的老闆只是因為我胡說八道而解雇了我！,我直接打了我前任的車窗。,我覺得我想打人。,你能告訴我是不是有什麼特殊情況導致了這種情況？,我想知道更多關於這件事發生的時間。是最近發生的還是不久前發生的？,你有沒有試過在你的腦海中重新體驗這個事件，但發現它太難了？,你有沒有試過在你的腦海中重新體驗這個事件，但發現它太難了？,我很感激你分享它。我現在可以問一些問題以確保我理解一切嗎？,你能告訴我你是否對某人有過或表達過以下負面情緒：,,,,,,,,,,,,,,,,,,,,,,,,,,,,,,,,,
男性,30-39,我今天心情有點低落。,好吧，我只是覺得沒有什麼是我想要的。,我不好。我今天都不想起床。,是不是發生了什麼事情導致了你現在的感覺？,引起這些感覺的事件是最近發生的，還是發生在遙遠的過去？,你是否嘗試過協議6，如果是，你是否對過去有消極的想法，導致你的思緒在那個方向徘徊？,你是否嘗試過協議11，如果是，你是否對最近的過去有消極的想法，導致你的思緒在那個方向徘徊？,如果可以的話，我想問你幾個問題，以便更好地了解你的情況。,我想知道您是否對某人有過以下任何情緒：,,,,,,,我很生氣。,我只是不想現在處理這個。,我生氣了，你怎麼看。不要再問這些問題了。,我能理解。您會說這是由特定原因引起的嗎？,我完全理解你為什麼會有這種感覺。為了幫助您，我需要知道這是最近發生的還是前一段時間發生的。,如果您曾經嘗試過協議6，是否會引發困難的感覺？,如果您曾經嘗試過協議11，是否會引發困難的感覺？,謝謝，我想幫你。我需要問一些問題以更好地了解您的情況。,這當然不是一個理想的情況，如果可以的話，我想進一步調查你的情緒狀態。您是否對任何特定的人有過以下強烈的情緒：,,,,,,,,,,,,,,,,,,,,,,,,,,,,,,,,,
女性,60-69,不太好。我的姐妹們有地方可去，有事可做。我覺得落後了。,很失落。當我一直在努力清理自己的時候，我媽媽罵我很亂。,在垂頭喪氣。我丈夫已經回辦公室工作了，我一個人挺孤獨。,有沒有發生什麼事情讓你有這種感覺？,您是在回憶遙遠的過去還是最近的事情？,根據過去的情況，在這件事發生後使用協議6 是否讓您的情緒更加無法控制？,基於最近的情況，在這件事發生後使用協議11 是否讓你的情緒更加無法控制？,感謝您的分享。我想通過詢問一些後續問題來更好地了解發生了什麼。,您是否有時對另一個人感到或表現出以下任何特定情緒：,,,,,,,我最好的朋友找到了一個可以一直出去玩的人。,一個同學把我的項目建議當成了自己的。,我父親總是說我愚蠢和懶惰。,在某件事發生後，你有沒有這些感覺？,這是前一段時間發生的還是最近發生的？,你有沒有發現協議6 帶來的情況導致你變得無法控制情緒？,你有沒有發現協議11 帶來的情況導致你變得無法控制情緒？,謝謝你告訴我這些。現在有些問題可以讓我們更好地了解發生了什麼。,您是否曾有過以下強烈情緒的感受或表現：,,,,,,,,,,,,,,,,,,,,,,,,,,,,,,,,,
女性,30-39,很糟糕。我發現我父母要離婚了。,不太好。我丈夫剛失業。,有點可怕。我爸爸生病住院了。,我很抱歉聽到這個。你能想到導致這種情況發生的具體原因嗎？,你認為是最近的事情引起了這種感覺，還是更遙遠的事情？,在我們繼續之前，我想評估哪種協議最適合您的情況。您是否已經通過協議6 並發現它對您產生了負面影響？,在我們繼續之前，我想評估哪種協議最適合您的情況。您是否已經通過協議11 並發現它對您產生了負面影響？,感謝你的分享。如果沒問題，我會問幾個問題，以便更好地了解您正在經歷的事情。,困難的情況會影響我們的感受和行為。您是否發現自己對他人有以下情緒或表達：,,,,,,,我真的很生氣。我不公平地失去了工作中的大晉升。,不好。我發現我老公出軌了。,糟糕的。我岳母不會停止越界。,我看得出你很生氣。你能想到引發這些感受的具體事件嗎？,這個特定事件發生在最近還是遙遠的過去？,在我們進一步討論之前，我想了解一下協議6 是否適合您。你能告訴我你是否已經嘗試過協議6，是否會引發任何憤怒的情緒？,在我們進一步討論之前，我想了解一下協議11 是否適合您。你能告訴我你是否已經嘗試過協議6，是否會引發任何憤怒的情緒？,謝謝你的誠實，我知道這可能很困難。我只是要問幾個問題，以便更好地了解您的具體情況。,理解我們的情緒可能很困難。您是否會說您對以下情緒有任何強烈的感受或表達：,,,,,,,,,,,,,,,,,,,,,,,,,,,,,,,,,
女性,60-69,今天心情特別低落。和弟弟吵架了,不太好。我似乎對做太多事情沒有興趣。,好吧，我想。感覺比起還低。,你能告訴我這是否是由特定事件引起的嗎？,謝謝你讓我知道。這是由最近或遙遠的事件（或事件）引起的嗎？,如果您最近嘗試了協議6 並發現由於舊事件而重新點燃無法控制的情緒，您能否告訴我？,如果您最近嘗試了協議11 並發現由於最近的事件而重新點燃了無法控制的情緒，您能否告訴我？,謝謝你。我想問你一些問題，以便更好地了解你所遇到的情況。,如果您對某人有強烈的感受或表達以下任何一種情緒，請告訴我：,,,,,,,我在另一門課上不及格，為此我很生自己的氣。,糟糕的。我對我的兄弟很生氣，我相信他正試圖讓我的家人反對我。,我真的對我的鄰居很生氣，他今天早上無緣無故地和我吵架了。,我理解，我很抱歉你有這種感覺。這是由特定事件引起的嗎？,謝謝你的回复，我真的很想幫忙。你能告訴我這是由最近的事件還是由遙遠的事件引起的嗎？,謝謝你提供信息。你能告訴我你最近是否嘗試了協議6 並發現由於舊事件而重新點燃了無法控制的情緒？,謝謝你提供信息。你能告訴我你最近是否嘗試過協議11 並發現由於舊事件，這重新點燃了無法控制的情緒？,謝謝你。現在我想再問你一些問題，以便更好地了解你的情況。,你能告訴我你是否對某人有過強烈的感受或表達過以下任何一種情緒：,,,,,,,,,,,,,,,,,,,,,,,,,,,,,,,,,
男性,30-39,不是很好。,我感覺不太好。,我可以做得更好。,謝謝，我明白了。是不是有什麼特別的原因導致了這種情況？,原來如此。這是最近發生的還是之前發生的？,好的，謝謝你。您最近是否嘗試過協議6，它是否會導致重溫痛苦的情緒？,好的，謝謝你。你最近是否嘗試過協議11，它是否會導致重溫痛苦的情緒？,好的，謝謝你。請再問幾個問題，讓我更好地了解您的情況。,您是否會說您對他人強烈感受到或表達了以下任何情緒：,,,,,,,我很生氣,我有點生氣,我特別生氣,你一定很難有這種感覺。這是由特定的東西觸發的嗎？,好吧，我能理解。你有這種感覺是因為最近或更遠的過去嗎？,明白了，非常感謝分享。最近對協議6 的嘗試是否導致過去的情緒爆發？,明白了，非常感謝分享。最近對協議11 的嘗試是否導致過去的情緒爆發？,謝謝你讓我知道。我想通過一些問題來更好地理解這一點。,最近有沒有強烈地感受到或向任何人表達過這些情緒中的任何一種：,,,,,,,,,,,,,,,,,,,,,,,,,,,,,,,,,
女性,40-49,我不厲害。,我真的很沮喪。,我心情有點低落。,有沒有發生什麼讓你難過的事情？,這個事件是最近發生的還是前一段時間發生的？,您是否嘗試過協議6，如果是，是否讓您感覺更糟？,您是否嘗試過協議11，如果是，是否讓您感覺更糟？,好的，謝謝，讓我們看看我們是否可以深入了解這個問題。如果你不介意的話，我會再問你幾個問題。,目前的情況是否讓您有以下感受：,,,,,,,我真的很生氣我的前任。,我的前任毀了我的生活，我瘋了。,我對我和我的前對象分手的方式感到非常沮喪。,有什麼特別的事情讓你有這種感覺嗎？,這是很久以前發生的，還是最近發生的？,您最近是否嘗試使用協議6，如果是，是否讓您的情緒激增？,您是否嘗試使用協議11，如果是，是否讓您的情緒激增？,感謝您與我分享這一點，讓我們再深入了解一下。我現在想再問你一些問題，以便我可以提供幫助。,這種困難的情況是否導致您有任何這些情緒和/或對它們採取行動：,,,,,,,,,,,,,,,,,,,,,,,,,,,,,,,,,
男性,30-39,我感覺很糟糕，我想我今天失去了一個朋友。,我心情不好，我最好的朋友不會跟我說話。,我過得不好，我最喜歡說話的人甚至不再理我了。,是否有什麼特別的事情似乎引起了這種感覺？,我很抱歉聽到這個。是否有一些最近發生的事件可以作為造成這種情況的原因，或者是不久前發生的事件？,這是不幸的。你有沒有嘗試過協議6，它是否引發了你對這次事件的同樣困難的情緒？,這是不幸的。你有沒有嘗試過協議11，它是否引發了你對這次事件的同樣困難的情緒？,謝謝你，很抱歉你現在正在掙扎並想提供幫助。讓我們繼續討論下一個問題，並嘗試解決這種情況。,如果你還記得，你能告訴我你是否對另一個人有過以下強烈的情緒：,,,,,,,我不能忍受我的生活，顯然我的伴侶也不能，因為她已經走了。,我很生氣，我完全被我的前任甩了，而且被鬼魂化了。,我對我的前女友很生氣，我不敢相信我搞砸了我們的關係。,我很抱歉。有什麼特別讓你有這種感覺的嗎？,也許你能告訴我是最近發生的事情讓你有這種感覺，還是遙遠的事情？,您是否使用了協議6 來幫助您並且您的情緒是否失控？,您是否使用協議11 來提供幫助並且您的情緒是否失控？,我真的希望在我的幫助下你會感覺好些。讓我們深入了解一下這個問題的根源。,我知道這可能很難，但你能告訴我更多關於你的情緒嗎？我想知道您是否對另一個人有過以下情緒：,,,,,,,,,,,,,,,,,,,,,,,,,,,,,,,,,
女性,40-49,我很沮喪，因為我男朋友和我分手了。,我只想哭，因為我的狗死了很難受。,我似乎再也感覺不到快樂了，因為我因失去工作而感到難過。,請告訴我這種感覺是否源於某個事件？,你會說這是最近或遙遠過去事件的結果嗎？,您是否注意到由於過去的事件，嘗試協議6（如果您嘗試過）是否有無法忍受的情緒？,您是否注意到由於最近發生的事件，嘗試協議11（如果您嘗試過）是否有無法忍受的情緒？,非常感謝你。我現在想通過問你一些額外的問題來更深入地了解你的困境。,您是否有強烈的衝動向他人表達以下情緒或自己強烈感受到這些情緒：,,,,,,,我很生氣，我的朋友和我男朋友調情，我不知道如何處理。,我不好，因為我很生氣，以至於我丈夫買了一輛昂貴的汽車，而且從來沒有和我說過這件事。他讓我如此沮喪。,糟糕的！我很生氣，因為我的鄰居說我的孩子是壞名聲，因為她因為他進入她的院子而生他的氣。我覺得她是個可笑的人！,謝謝，如果您能詳細說明一下您感到如此生氣的原因，我將不勝感激。是特定事件造成的嗎？,你能告訴我這個令人不安的事件是前一段時間發生的還是最近發生的？,你最近是否嘗試通過協議6 並發現它會從訪問過去的事件中引發負面情緒？,你最近有沒有嘗試過協議11，並覺得它會從訪問過去的事件中引發負面情緒？,非常感謝您的回复。我可以找到一些額外的信息來幫助我能夠充分理解您的擔憂嗎？,如果您經歷過以下任何情緒或想向另一個人表達這些情緒，請告訴我：,,,,,,,,,,,,,,,,,,,,,,,,,,,,,,,,,
男性,50-59,糟糕，昨天我失去了一個親近的人。,真的很沮喪，我似乎無法開始任何事情。,有點差勁，真的。我似乎無法享受任何東西。,有什麼特別讓你有這種感覺的嗎？,我很遺憾聽到這個消息。這是最近發生的還是不久前發生的？,這是你執行協議6 的結果嗎？,這是你執行協議11 的結果嗎？,很抱歉讓您受到傷害，在我嘗試進一步調查時請耐心等待。我想再問你一些問題，這樣我才能更好地了解情況。,您是否對某人有過以下強烈感受，無論您是否告訴過他們：,,,,,,,太糟糕了- 我覺得我需要傷害某人。,就像一座即將噴發的火山。,我快瘋了，我不可忍受了。,沒關係，我是來幫忙的。有什麼特別讓你有這種感覺的嗎？,這是最近發生的，還是你想起了更遙遠的過去？,這些負面情緒是你嘗試協議6 引起的嗎？,這些負面情緒是否是您嘗試使用協議11 引起的？,謝謝分享，真的很有幫助。如果你同意的話，我想再問一些關於這個的問題。,您是否有以下任何強烈感受和/或您向某人表達過它們：,,,,,,,,,,,,,,,,,,,,,,,,,,,,,,,,,
女性,18-24,我感覺不太好。我男朋友昨天和我分手了。,我感覺不太好。我的祖母上週去世了。,我感覺不太好。我丟了我最喜歡的玩具，我找不到了,我很抱歉。這是由特定事件引起的嗎？,我很抱歉聽到這個。我也可以問一下是不是由最近或遙遠的事件（或事件）引起的？,我很抱歉你正在經歷這個。您最近是否嘗試過協議6 並發現由於舊事件而重新點燃了無法控制的情緒？,我很抱歉你正在經歷這個。您最近是否嘗試過協議11 並發現由於最近的事件而重新點燃了無法控制的情緒？,感謝您與我分享這一點，我想以某種方式幫助您。現在我會問一些問題以了解您的情況。,我與你的情緒保持一致，我們會理解克服它。您是否對某人有強烈的感受或表達過以下任何一種情緒：,,,,,,,我不好，我的團隊被取消了資格，我和朋友打賭輸了100 美元，我真的很生氣。我有這種感覺是球隊的錯。,我不好！我被解雇了，我真的很生氣。我在工作中做的一切都是正確的，我有這種感覺是他們的錯。,我不好，我和父母吵架了，我離開了家，我很生氣。我有這種感覺是他們的錯。,有這種感覺沒關係。請問這是否是由特定事件引起的？,過這個就好了。這是由最近或遙遠的事件（或事件）引起的嗎？,我理解並且很抱歉發生這種情況。您最近是否嘗試過協議6 並發現由於舊事件而重新點燃了無法控制的情緒？,我理解並且很抱歉發生這種情況。您最近是否嘗試過協議11 並發現由於舊事件而重新點燃了無法控制的情緒？,我現在會問你幾個問題來了解你的情況。,我們有時會感覺到我們認為不好的情緒，但我們知道它們不好這一事實讓我們意識到，所以感受這些情緒是可以的，我們總有一天會感受到它們。您是否對某人有強烈的感受或表達過以下任何一種情緒：,,,,,,,,,,,,,,,,,,,,,,,,,,,,,,,,,
男性,30-39,真的很傷心。我不能讓自己做任何事,我覺得很糟糕，自從我父親去世後，一切似乎都沒有任何意義。,我只是不明白起床的意義。沒有什麼感覺很好。,你覺得哪讓我覺得抱歉。這是由特定原因引起的嗎？,這是最近發生的，還是前一段時間發生的？,協議6 中的練習對某些人來說可能很困難，所以我想知道它們是否適合您。您是否嘗試過協議6 中的練習並發現它們很困難或有創傷？,協議11 中的練習對某些人來說可能很困難，所以我想知道它們是否適合您。您是否嘗試過協議11 中的練習並發現它們很困難或有創傷？,謝謝你告訴我。你介意我問你一些關於這些感受的問題嗎？,我想知道您是否強烈感受到或表達了以下任何情緒：,,,,,,,我感覺很糟糕，我剛剛得到了一些非常令人惱火的消息,今天太糟糕了，一切都出錯了。,明明我不好，我真的早傷害了自己,是不是發生了什麼特別的事情導致了這種情況？,這是最近發生的事件還是很久以前發生的遙遠事件？,請問，您是否嘗試過協議6 中的練習，這是否困難或痛苦？,請問，您是否嘗試過協議11 中的練習，這是否困難或痛苦？,謝謝你。我想更好地了解你的情況，需要問一些問題，可以嗎？,您是否認為您可能強烈表達或感受到以下任何情緒：,,,,,,,,,,,,,,,,,,,,,,,,,,,,,,,,,
女性,40-49,我感到空虛和絕望。這次的疫情真的讓我很受傷。,我和我的伴侶吵架了，我真的很難過。我覺得是我的錯。,我不應對。我只是覺得我可以一直哭。,您是否覺得您目前的情緒可能是由特定事件或事件引起的？,非常感謝你讓我知道。你會說是最近或遙遠的事件（或事件）引起了這種情緒嗎？,感謝您與我分享這個，我知道這可能很困難。我想問你最近是否嘗試過協議6，如果是，你是否因此感到更加痛苦。,感謝您與我分享這個，我知道這可能很困難。我想問你最近是否嘗試過協議11，如果是，你是否因此感到更加痛苦。,感謝您與我分享您的感受，感謝您的信任。如果您不介意，我現在將問您幾個問題以更好地了解情況。,謝謝你，我想讓你知道，如果我們能夠理解它們並向它們學習，即使是負面情緒也可以幫助我們成長。您最近是否對您認識的任何人經歷過以下任何情緒：,,,,,,,我很生氣我的老闆在我的同事面前讓我難堪。,我只是一直覺得很生氣。老實說，我認為我應該得到比這更好的。,我損失了一大筆錢，我對自己很生氣。我想打自己。,你會說你現在正在經歷的這種感覺是由一個或多個特定事件引起的嗎？,謝謝你的回答，我可以聯繫。你會說這件事或讓你感到憤怒的事件發生在最近或遙遠的過去嗎？,謝謝你幫助我更好地理解。我想知道您最近是否嘗試過協議6，如果是，您是否發現它弊大於利？,謝謝你幫助我更好地理解。我還想知道您最近是否嘗試過協議11，如果是，您是否發現它弊大於利？,感謝您的分享，這是您正在體驗的一種完全正常且有效的情緒。現在，如果您不介意的話，我想再問您一些問題以更好地了解情況。,有時，我們可能會感受到我們並不引以為豪的情緒，但識別它們、接受它們並理解它們仍然很重要。請問您是否對另一個人有以下情緒：,,,,,,,,,,,,,,,,,,,,,,,,,,,,,,,,,
女性,30-39,請放過我吧，我很痛苦。,今天簡直慘不忍睹。,我似乎無法擺脫這種低落的情緒。,感謝您與我分享您的情緒，我知道現在可能很難處理它們。為了我能更好地幫助你，你能告訴我具體的事件是否讓你有這種感覺嗎？,我明白了，謝謝。這個事件是最近的還是更遠的？不管怎樣，我希望這對你來說沒有太大的創傷。,請問您是否已經通過協議6並發現它帶回了困難的情緒？,請問您是否已經通過協議11並發現它帶回了困難的情緒？,謝謝分享，很抱歉你正在經歷這個。我只想再問一些問題，以便更好地了解您現在的感受。,謝謝你對我的信任，我現在想知道你最近在處理什麼樣的情緒。你能告訴我你是否有過以下任何一種情緒：,,,,,,,我再也受不了了。,我非常沮喪。,我似乎今天討厭所有人。,感謝您與我分享您的感受，儘管現在對您來說可能很困難。你認為你的感覺可能是由某些特定的事情引起的嗎？,我明白了，謝謝。這個或多個事件是遙遠的還是最近的？,我想了解協議6 是否適合您，因為它可能非常激烈。請問您最近是否嘗試過協議6，並發現這會帶回過去的負面情緒？,我想了解協議11 是否適合您，因為它可能非常激烈。請問您最近是否嘗試過協議11，並發現這會帶回過去的負面情緒？,很抱歉你現在必須處理這個問題。請讓我問你一些問題，以便我確定什麼是讓你感覺更好的最佳行動方案。,生活中有些時刻我們可能會體驗到我們並不引以為豪的情緒，但沒關係，只要我們準備好向它們學習。您是否會說您最近有以下情緒：,,,,,,,,,,,,,,,,,,,,,,,,,,,,,,,,,
男性,40-49,由於封鎖，今天很傷心,我感覺不太好。,我今天感覺不太好,請問，有什麼具體原因嗎？,那件事是最近發生的，還是在你過去更遙遠？,你有沒有嘗試通過嘗試協議6 來回想那件事，如果是這樣，它是否帶回了困難的情緒？,你有沒有嘗試通過嘗試協議11 來回想那件事，如果是這樣，它是否會帶來困難的情緒？,謝謝你。我想問你一些更多的問題，可能有助於我理解。,我們有時可能會經歷一些我們可能會羞於承認的困難情緒，但它們是完全正常的，我們識別並處理它們很重要。你能告訴我你是否感受到或表達了以下任何一種情緒：,,,,,,,我對我的配偶生氣,我感覺很糟糕,我今天不好,你會說是什麼特定的事情讓你有這種感覺嗎？,這是最近發生的還是不久前發生的？,你是否已經嘗試通過執行協議6 重新思考這個問題，如果是這樣，它是否重新點燃了不舒服的情緒？,您是否已經嘗試通過執行協議11 重新思考這個問題，如果是這樣，它是否重新點燃了不舒服的情緒？,謝謝你。我想問你一些可能有助於我理解它的問題。,請問您是否感受到或表達了以下任何一種情緒：,,,,,,,,,,,,,,,,,,,,,,,,,,,,,,,,,
男性,40-49,我受夠了。我認為我這個月無法應付所有賬單，而且我還在不停地工作。,自從我去年失業以來，我就有點沮喪了,不好，自從X離開後，我的情緒真的很低落。,這可能與特定事件有關嗎？,我明白。這與最近發生的事情還是更遙遠的事件有關？,您最近是否嘗試推進協議6，並且您重新審視的創傷是否變得難以處理？,您最近是否嘗試推進協議11，並且您重新審視的創傷是否變得難以處理？,謝謝，感謝您與我分享，我知道這可能很困難。我想再問幾個問題，以便更好地了解您的情況。,您認為以下任何情緒是否恰當地描述了您最近的感受或表達方式：,,,,,,,狂怒。每個人都在不停地打擾我工作。,我真的很生氣！今天是一件又一件的事情。,我很煩。每當我認為自己處於領先地位時，就會出現其他情況。,哦，那不好。是不是有什麼東西觸發了這種感覺？,很抱歉聽到這個。是最近發生的還是更遠的事件導致了這種情況？,當按照協議6 的要求嘗試重新審視您的創傷時，您是否發現自己在情緒上不舒服並且難以繼續？,當按照協議11 的要求嘗試重新審視您的創傷時，您是否發現自己情緒不舒服並且難以繼續？,感謝您的分享。我現在想問你幾個問題，讓我更好地了解你。,請試著坦率地看待你現在的情緒狀態。您是否認為您最近可能強烈感受到以下任何一種情緒：,,,,,,,,,,,,,,,,,,,,,,,,,,,,,,,,,
女性,40-49,我今天感覺超級沮喪，似乎沒有任何意義了,坦率地說，我看不到生活中的任何意義了,我感到非常孤獨，我沒有朋友，也沒有男朋友,謝謝你讓我知道，我非常抱歉你有這種感覺。請問這種感覺是不是有什麼特殊原因？,我明白了，謝謝。您是說這件事發生在最近，還是您還記得更遙遠的過去？,謝謝你，也許協議6 可以幫助你處理這個事件，但是在我推薦它之前，我想確保你過去沒有遇到過糟糕的經歷。你是否已經嘗試過協議6，如果是，它是否激起了困難或創傷性的情緒？,謝謝你，也許協議11 可以幫助你處理這個事件，但是在我推薦它之前，我想確保你過去沒有遇到過糟糕的經歷。你是否已經嘗試過協議11，如果是，它是否激起了困難或創傷性的情緒？,感謝您對我敞開心扉，我理解這可能很困難，我感謝您的誠實。我想再問你幾個問題，以便我可以更好地幫助你，如果你沒問題的話。,我想問你關於你可能感受到的負面情緒；有時感覺到它們是完全正常的，但重要的是我們在它們接管我們的生活之前學會識別它們。回想一下您最近的過去，您是否有時對某人有以下任何情緒：,,,,,,,我很生氣我男朋友沒有告訴我真相。,我很生氣，因為我的貓毀了我最喜歡的地毯,我最近對我的工作感到非常沮喪。,謝謝你，我明白現在處理這種感覺有多難，希望我能幫助你感覺更好。你能告訴我是否有特定的事件讓你有這種感覺嗎？,我明白了，謝謝你告訴我。請問，這件事引起你的憤怒是遙遠的還是最近的？,謝謝你；我認為協議6 可以幫助你處理這個事件，但是有些人報告說這個協議可能相當激烈。你是否已經嘗試過協議6，如果是這樣，它是否激起了困難或創傷性的情緒？,謝謝你；我認為協議11 可以幫助你處理這個事件，但是有些人報告說這個協議可能相當激烈。你是否已經嘗試過協議11，如果是這樣，它是否激起了困難或創傷性的情緒？,謝謝你這麼耐心的回答，我知道這可能很困難。如果可以的話，我想再問一些問題，以便我可以建議最佳的行動方案。,謝謝，下一個問題是關於可能影響我們生活和人際關係的負面情緒，因此我們學會識別它們很重要。想想您最近的過去，您是否有時會對某人產生以下任何情緒：,,,,,,,,,,,,,,,,,,,,,,,,,,,,,,,,,
女性,30-39,我真的很傷心很沮喪。,可怕。我只是很難過。,我希望我能快樂。,,,,,,,你覺得你需要一直陪在某個人身邊嗎？,你會說你傾向於將任何錯誤歸咎於他人嗎？,你會說你是那種總是需要掌控的人嗎？,我想知道你是否總是覺得是你造成了問題，即使這不是你的錯？,你認為自己是一個樂於傾聽他人觀點的人嗎？,您是否認為您可能正在經歷個人危機，不再與您的支持網絡保持聯繫？,我超級生氣,我真的很生氣。,我很生氣，我不知道如何改變它。,,,,,,,你會說你傾向於救人嗎？,一般來說，你覺得別人應該為你的問題負責嗎？,對自己完全誠實，你會說你總是覺得需要控制嗎？,我想知道當發生不好的事情時，您是否總是感到有責任感。,老實說，你認為你總是可以考慮替代你的觀點嗎？,最近有沒有發生什麼事情讓你覺得與你的朋友和家人的支持網絡疏遠了？,,,,,,,,,,,,,,,,,,,,,,,,,,,
女性,40-49,沒那麼好。我發現我的祖母活不長了。,我今天做的沒那麼好。他們正在推出我最喜歡的童年電視節目。,今天感覺有點無聊，因為我收到了一些關於一些財務問題的壞消息。,,,,,,,你覺得成為別人的救星是你的責任嗎？,明白了，謝謝您是否曾將自己視為負面情緒的受害者？,負面情緒會導致我們想要控制別人。你是否覺得自己是在試圖控製或支配他人？,當事情出錯時，您是否總是承擔責任或為發生的事情指責自己？,老實說，您是否嘗試過設身處地為他人著想或換個角度看待情況？,您的個人生活中是否有任何重大問題可能導致您感到悲傷？,我對我室友發生的事情很生氣,我對我的同事很生氣,我只是對生活很生氣，因為似乎沒有什麼事情適合我。,,,,,,,你覺得拯救他人或解決他們的問題是你的責任嗎？,你是否覺得別人應該為你的負面情緒負責？,謝謝你。由於您目前的情緒，您是否覺得需要控制他人？,在審視自己的處境時，您是否總是為正在發生的事情責備自己？,你有沒有從不同的角度看待生活中正在發生的事情？,在您的個人生活中是否有任何令人不安的事情，您是否與親近的人鬧翻了？,,,,,,,,,,,,,,,,,,,,,,,,,,,
男性,25-29,我今天感覺很噁心,我覺得我想吐,我現在很沮喪,,,,,,,你覺得你必須拯救別人嗎？,你有沒有覺得自己可能被別人害了？,你是否覺得你在試圖壓制某人？,你是否總是試圖為消極的情況和事件責備自己？,,你現在對生活事件有困難嗎？,我很不高興,我很生氣,我很煩,,,,,,,難道，也許，你試圖拯救某人？,你覺得別人對你的負面情緒負責嗎？,如果我問，你覺得你現在想要控制你生活中的某個人嗎？,你是否總是試圖批評自己？,您認為在您目前的情況下可能還有其他觀點可以考慮嗎？,由於與生活中的人爭吵，您是否正在經歷強烈的負面情緒？,,,,,,,,,,,,,,,,,,,,,,,,,,,
男性,30-39,不好，我的狗死了。,不好，我和媽媽吵架了。,很糟糕，我的女朋友甩了我。,,,,,,,你認為你應該拯救他人嗎？,你會說你是這種情況下的受害者嗎？你會因為這種感覺而責怪別人嗎？,你是否覺得你在試圖控制任何人，或者讓他們做你想讓他們做的事情？,如果出現問題，您是否總是覺得責備和指責總是落在自己身上？,當這些觀點被呈現給你時，你有沒有反思過其他觀點？,您是否在與親人相處時遇到任何困難？,我為今天發生的事情而生氣。,我對我伴侶的行為方式感到惱火。,太可怕了，我的壞爸爸像往常一樣打我,,,,,,,我非常抱歉你正在處理困難的情緒。也許你覺得你應該在你的生活中拯救別人？,您將自己視為受害者，還是將自己的感受歸咎於他人？,可能是你試圖控制某人嗎？,你會不會說每次出了問題你總是責備自己？,我很抱歉你現在正在經歷這種消極情緒。如果我問，請說實話，您是否會說在向您提出這些觀點時，您總是充分考慮其他人的觀點？,很抱歉聽到你的麻煩，我總是在這裡提供幫助。您現在是否在與任何親人相處時遇到困難？,,,,,,,,,,,,,,,,,,,,,,,,,,,
男性,50-59,我今天不怎麼好。,有點失落的感覺。,今天下午我有點沮喪。,,,,,,,你覺得在這種情況下你應該幫助別人嗎？,我想知道你對你在這個角色中的角色有什麼看法。在目前的情況下，您是否覺得自己是一個受害者，想要將自己的負面情緒轉移到其他人身上？,你覺得你有能力影響你生活中的其他人嗎？,當事情出錯時，你是否總是道歉並覺得是你的錯？,您可能已經討論過並被提出了各種需要考慮的觀點。當這些被呈現給您時，您是否真的考慮過其他觀點和觀點？,您最近是否與朋友或家人發生過任何導致這些負面情緒的重大問題？,老實說，我很生氣。,"我不是很好- 事實上, 我現在很生氣。",我現在不開心，有點不高興。,,,,,,,想想最近和不那麼近的事件，你有沒有想拯救別人的印象？,請問您現在是否覺得自己是受害者，並將自己的感受歸咎於他人？,有時，您是否喜歡想像自己掌權並控制他人？,當事情不對或出錯時，您是否有總是責怪和指責自己的傾向？,您過去可能進行過其他對話，在這些對話中您談到了其他觀點和觀點。您是否曾經在自己的生活中實踐過提供給您的任何建議或新觀點？,您最近是否與朋友或親人發生了個人問題，也許是鬧翻了，或者您有家庭問題嗎？,,,,,,,,,,,,,,,,,,,,,,,,,,,
女性,30-39,我之前哭過,我需要得到支持,傷心,,,,,,,你覺得你必須幫助別人嗎？,你有沒有覺得自己受到了任何形式的傷害？,你有沒有感覺你在控制別人，或者至少試圖控制？,如果出了什麼問題，你總是批評自己嗎？,您是否會說，您在之前的討論中可能會向您提出其他人的觀點和論點，您是否一直在仔細考慮？,如果我問你，你在個人事務上有什麼問題嗎？,那不是你的事,你知道這有什麼用嗎,你無權問這個問題,,,,,,,你是不是總覺得需要拯救生命中的人？,如果你不介意我問，我想知道你是否因為你正在經歷的這些負面情緒而責怪別人。,您認為您可能對其他人表現出控制性行為嗎？,你有沒有註意到你最近總是因為任何消極的情況而責備或指責自己？,如果可能的話，我想知道您是否覺得您一直對過去向您提出的不同觀點給予充分和仔細的考慮。,是否因為與朋友或親人的關係問題等令人痛苦的事件，您現在正在經歷個人危機？,,,,,,,,,,,,,,,,,,,,,,,,,,,
女性,30-39,我很難過,我希望我能改變,我覺得很懶,,,,,,,是不是覺得自己需要成為別人的救星？,你是否覺得其他人應該為你的消極情緒負責？,也許，您正在表現出某種控制行為？,當事情出錯時，你總是責備自己嗎？,想想或多或少最近的情況，你有沒有在談話中把自己放在別人的位置上？,你目前正在經歷什麼個人的事情嗎？,我對自己受到的對待感到非常沮喪。,今天真的對我造成了傷害，我已經筋疲力盡了。,我很生氣，我可以尖叫。,,,,,,,也許你想成為別人的救星？,是別人讓你覺得自己是受害者嗎？,你認為你可能會以一種控制的方式行事嗎？,當事情出錯時，您是否總是覺得自己應該受到責備？,你有沒有嘗試從別人的角度看問題，它有幫助嗎？,您是否正在經歷一些痛苦的事情，例如與您所愛的人鬧翻？,,,,,,,,,,,,,,,,,,,,,,,,,,,
男性,40-49,我今天有幾次哭泣。,天氣很糟糕，它讓我陷入了垃圾場。,我今天感到有點孤獨和悲傷。,,,,,,,你是否覺得你必須成為別人的救星？,你會說是別人造成了你的負面情緒嗎？,在內心深處，你是否有一種想要控制另一個人的感覺？,當事情對你不利時，你總是把責任推給自己嗎？你總是指責自己的錯誤嗎？,在之前的談話中，你是否能夠考慮其他人的觀點？,您是否覺得自己正面臨個人危機，例如，與家人、朋友或其他親人相處困難？,我只是在生氣。,我對我的工作很生氣。我感到被困在其中，這讓我感到沮喪。,我最好的朋友一直表現得像個混蛋，我對她很生氣。,,,,,,,您是否覺得有必要成為生活中其他人的救星？,您是否有受害的感覺，並感覺周圍的其他人讓您有這種感覺？,你身邊或生活中是否有人試圖控制？,你是否覺得總是你的錯？當事情沒有解決時，你會嚴厲地責備和指責自己嗎？,您是否會說，當其他觀點出現在之前的對話中時，您真的能夠考慮這些觀點嗎？,由於與親近的人的關係出現問題，您是否覺得自己正在經歷個人危機？,,,,,,,,,,,,,,,,,,,,,,,,,,,
男性,30-39,我還行，估計吧。,我感覺不太好。,我今天很難過。,,,,,,,你認為拯救別人是你的責任嗎？,你覺得別人應該為你的悲傷負責嗎？,你發現自己試圖控制別人的行為嗎？,當事情出錯時，你總是把責任歸咎於自己嗎？,在過去的談話中，你真的努力去了解別人的觀點嗎？,您是否正處於個人性質的創傷之中，例如與家人或朋友相處的困難？,我生氣了。,我很生氣。,我感到憤恨和惡意。,,,,,,,你是否覺得有責任拯救另一個人，也許是一個所愛的人？,請告訴我，你覺得你有這種感覺是別人的錯嗎？,您是否覺得自己想要或需要控制生活中其他人的行為？,當事情出錯時，你是否總是認為自己是罪魁禍首？,你有沒有想過別人在你的情況下會怎麼想或感受？,這種感覺是否給您和您所愛的人帶來了更大的問題？它是否導致了個人危機？,,,,,,,,,,,,,,,,,,,,,,,,,,,
女性,40-49,我聽說我爺爺感染了新冠肺炎，正在住院。,我最好的朋友這週搬去了很遠的地方。,我的車需要大修，我破產了。,,,,,,,您是否覺得處於無法幫助他人的境地很困難？,你是否覺得自己的情緒是他人行為的原因？,你想控制局面，還是控制另一個人？,如果我可以問這個，您是否總是認為發生的任何事情都是自己的錯？,你有沒有想過其他人會如何看待這種情況？,請問你是在家裡、工作上還是和朋友相處上有問題？,我的經理罵我所以我很生氣,我父母和我吵架所以我很生氣,我的朋友讓我失望所以我很生氣,,,,,,,,,,,,,,,,,,,,,,,,,,,,,,,,,,,,,,,
男性,25-29,我不舒服，我和我女朋友今天分手了。,我真的很難過，因為我和我哥哥吵架了。,我現在很傷心，因為我最好的朋友對我撒了謊。,,,,,,,您是否認為您總是必須將人們從麻煩中解救出來，即使他們是自己創造的？,你是否認為，也許，你沒有對自己的感受承擔全部責任，這導致你對他人進行猛烈抨擊？,有沒有可能你只是想控制另一個人的所有想法和行為？,你是否總是為生活中發生的任何負面事情負責，即使你不負責任？,你會說你曾經能夠真正走出自己，從不同的角度思考一個情況嗎？,在您的個人生活中是否有任何事情讓您有這種感覺？,我現在很生氣，因為我沒有通過考試,我很生氣，因為我打破了一個盤子，碎片散落在地板上。,我很生氣，因為我最好的朋友沒有出現在我的生日聚會上。,,,,,,,客觀地看待自己，您是否覺得自己總是需要成為自己故事的主角，並幫助所有人擺脫負面情況？,也許，您現在正在逃避對自己的行為負責，而只是將自己的感受歸咎於他人？,你認為你有可能只是想控制另一個人的一舉一動嗎？,你認為你總是為不是你的錯的事情承擔責任嗎？,當談到你的談話時，你認為自己是一個傾聽其他觀點的人嗎？,你覺得你現在的個人生活不穩定嗎？您與家人或朋友的關係是否岌岌可危？,,,,,,,,,,,,,,,,,,,,,,,,,,,
女性,30-39,感覺一切都沒有希望了。,我當然不是處於最佳狀態。,今天不是個好日子。,,,,,,,你是否覺得肩上有一份拯救他人的重擔？,如果我問，你今天的感受是否會責怪別人？,您現在是否因試圖控制您無法控制的某人或某事而感到沮喪？,你會說你經常對自己太苛刻嗎？,請問你覺得可以考慮別人的觀點嗎？,我希望你不介意我問，但你是否面臨困難時期？,我很生氣。,我感覺準備隨時鬥爭的緊張。,我現在對一切都很生氣。,,,,,,,如果我問你這個，你覺得救人是你的任務嗎？,謝謝你讓我知道。你覺得其他人讓你有這種感覺嗎？,你想控制一個不合作的人嗎？,當壞事發生時，你總是生自己的氣嗎？,你會說你一般都會聽別人的意見嗎？,如果我問，你現在是否在為個人問題而苦苦掙扎？,,,,,,,,,,,,,,,,,,,,,,,,,,,
男性,30-39,不好。我的狗今天被安樂死了。,我的母親剛剛去世，我無法停止哭泣。,我覺得沒有人愛我。,,,,,,,你覺得你讓某人失望了嗎？,你覺得別人在試圖傷害你嗎？,你有沒有擔心你可能會把你的負面情緒發洩到別人身上？,偶爾為我們的問題責備自己是正常的，但我們應該小心不要把它變成一種破壞性的習慣。你有沒有註意到你總是為任何出錯的事情責備自己？,你有沒有想過擁有一個不同於你自己的觀點會是什麼感覺？,您現在是否在與他人的關係中遇到重大困難或挑戰？,一個白痴差點造成車禍，讓我很生氣。,我對我最好的朋友對我說的話感到不安。,我現在真的很生氣。我剛剛因為工作中的晉升而被拒絕，這是因為我的一位同事認為我的想法值得稱讚。,,,,,,,有時，當我們生氣時，是因為我們想幫助別人，但我們覺得我們做不到，或者他們不讓我們做。你是否覺得在你的生命中，有一個你想要拯救或拯救的人？,你覺得有人正在或試圖傷害你嗎？,您是否擔心可能會將這些憤怒情緒發洩到某人身上，並試圖控制它們？,當發生傷害我們的事情時責備自己是很正常的，但如果我們總是這樣做，它可能會積聚成非常憤怒的情緒。你認為你總是為每一個錯誤都責備自己嗎？,當發生讓你生氣的事情時，你有沒有想過替別人著想？,很抱歉你生氣了，我想知道這是否可能是更大事情的徵兆。您最近生活中是否發生了其他重大困難？,,,,,,,,,,,,,,,,,,,,,,,,,,,
男性,25-29,今天真的有點沉重。,不太好，失望，沮喪。,今天有點感覺烏雲籠罩著我。,,,,,,,你有沒有感覺到或想到任何讓你有想要拯救別人的衝動的事情？,你會說你有這些情緒的原因完全是因為別人嗎？,您是否有任何想法可以控制他人或試圖控制他們？,你會說當出現問題時，你覺得責任總是在你身上嗎？,你有沒有想過別人的觀點，你有沒有花時間去探索他們？,我想知道現在是否有任何事情感覺比平常大。您是否覺得自己正面臨個人危機？,我覺得很可怕，很生氣，很可恨。,我感到很憤怒，好像我什至無法直視。,我感到很生氣，就像生活是不公平的，我對此很無助。,,,,,,,帶著這種感覺，你有沒有想過救人？,好的，那麼你對周圍人的感覺呢？你會說你是在這種情況下遇到麻煩的人，完全是別人的錯嗎？,好的，然後你想如何表現。現在有沒有想要嘗試控制你生活中的某個人的衝動？,如何對你生活中發生的事情負責。你是否覺得自己總是要為出錯的事情負責？,回想一下你最近的談話，你還記得別人的想法嗎，你有沒有進一步考慮過？,是不是感覺現在有什麼大事正在發生，比如個人危機？,,,,,,,,,,,,,,,,,,,,,,,,,,,
男性,30-39,我今天感覺不太好。,我很難過。我的心碎了。,這對我來說不是一個好時機。,,,,,,,你認為你需要成為別人的救星嗎？,在這種情況下，您是否覺得自己是受害者，將自己的感受歸咎於其他人？,老實說，您認為控制某人可以嗎，或者您會這樣做嗎？,當事情出錯時，你是否總是不斷地責備和指責自己，即使在內心深處你能認識到這不是你自己的錯？,在之前的談話中，你是否覺得自己一直能夠考慮不同的觀點？,謝謝你。你會說你在個人生活中遇到困難嗎？,我不好。我不知道為什麼這一切都發生在我身上。,就像我需要冷靜,生氣的,,,,,,,,,,,,,,,,,,,,,,,,,,,,,,,,,,,,,,,
男性,25-29,我很沮喪，感覺我沒有未來,我很痛苦，我已經病了很多年，我找不到治療方法,我很鬱悶，一直找不到女朋友,,,,,,,你相信拯救別人的生命會讓你對自己感覺更好嗎？,有沒有人應該為您所感受到的疾病負責？,在內心深處，當你可以控製或操縱別人做你想做的事時，你會感覺良好嗎？,請問您是否總是為生活中的所有錯誤而責備自己？,為了解決或減輕你的問題，你是否考慮過在之前的談話中可能向你提出的其他人的觀點？,您是否與某些人（例如同事、朋友或家人）遇到過私人問題？你不能滿足自己或他人的期望嗎？,我真的很生氣，他們在學校取笑我，但我對此無能為力,我很生氣，我工作組的人無緣無故地排斥我,我太可恨了，我最信任的人以我無法想像的方式背叛了我,,,,,,,你相信幫助或拯救某人會讓你更平靜嗎？,如果我問，你認為你感到這種憤怒是別人的錯嗎？,你認為你可能需要控制某人，讓他們做或說你想要的，以減少憤怒嗎？,你是否總是因為發生在你身上的負面事情而對自己感到內疚或生氣？,您是否考慮過可以改變您對當前狀況的看法的各種觀點和觀點？,您是否與某些人、家人或朋友有重大的個人問題？,,,,,,,,,,,,,,,,,,,,,,,,,,,
男性,30-39,我很沮喪。,我完全感覺很糟糕,我度過了最糟糕的一天,,,,,,,我想更好地理解為什麼你現在正在經歷這種消極的感覺。你覺得你需要拯救別人嗎？,你會因為你目前的情緒而責怪別人嗎？,難道你現在正試圖接管別人？,你是否總覺得自己是一切出錯的原因？,你會說你是那種在談話中很樂意考慮別人意見的人嗎？,您是否擔心您與親近的人之間的任何個人問題？,我為今天發生的事情感到非常生氣。,我對我朋友的行為感到非常惱火。,我對我伴侶的行為方式感到惱火。,,,,,,,會不會因為不幫助別人而生氣？,你是否因為感到惱火而責怪某人？,當您生氣時，您是否經常發現自己試圖控制他人？,你是否總是為發生在你身上的壞事而生自己的氣？,在得出結論之前，您是否也傾向於包括其他人的觀點？,你是否因為個人的煩惱而生氣？你是在工作中還是在家裡與人打架？,,,,,,,,,,,,,,,,,,,,,,,,,,,
女性,25-29,我感覺很糟,什麼都不好,我不好,,,,,,,你認為拯救別人是你的使命嗎？,其他人會因為你的心情不好而受到責備嗎？,你覺得有義務控制別人的行為嗎？,我想知道您是否認為出現問題時總是責怪自己。,你能自信地說你總是能夠考慮別人的觀點嗎？,你現在是否正在和其他人一起經歷微妙和困難的時刻？,我不好，我對我的搭檔很生氣，因為他說了一些令人惱火的句子,我今天不爽，我很生氣,我今天感到非常生氣,,,,,,,你相信拯救別人是你的責任嗎？,您是否感覺或相信其他人可能傷害了您？,你覺得有義務控制別人的態度嗎？,你總是為自己的錯誤責備自己嗎？,你有沒有嘗試過從另一個角度看待這種情況，以及你目前的情緒？,您是否與您所在環境中的人遇到了您似乎無法解決的問題？,,,,,,,,,,,,,,,,,,,,,,,,,,,
女性,40-49,我很失落,我情緒低落,我超級難過,,,,,,,你認為你應該為別人犧牲自己嗎？,謝謝，我明白了。如果我問這個，你覺得現在每個人都想找你嗎？,如果我問，你認為自己是那種總想掌權的人嗎？,如果我問，你是不是總覺得自己搞砸了？,你會考慮別人的想法，並採納他們的意見嗎？,你會不會說你現在的生活太混亂，而且變得勢不可擋？,我很生氣,我真的很不開心,我討厭一切,,,,,,,你覺得有必要為別人犧牲自己嗎？,你是否覺得現在所有的人和所有人都在反對你？,您是否感覺或願意控制他人？,無論發生什麼事，你總是覺得不對勁嗎？,你通常會考慮別人的想法，你重視他們嗎？,在危機的邊緣，您現在是否真的感到壓力很大？,,,,,,,,,,,,,,,,,,,,,,,,,,,
男性,30-39,我有過跟好的時候。我最近肯定有點發瘋。,老實說，不是很好。我的貓剛剛去世。,我快要熱淚盈眶了。我最近剛丟了工作，我快受不了這個壓力了。,,,,,,,你會說你傾向於幫助別人，甚至可能以犧牲自己的幸福為代價嗎？,你覺得把你的問題和感受歸咎於他人更容易還是更自然？,你有沒有覺得你需要控制別人的行為來應對？,你是否發現你似乎總是為出錯的事情責備自己，即使你無法控制它們？,您是否能夠真正考慮與您交談的人的觀點？,您是否覺得您目前正在經歷嚴重的個人困難，可能是與您的親人或朋友？,不是很好。最近似乎一切都讓我感到沮喪，我需要付出很多努力才能保持冷靜。,我不斷發現自己不由自主地握緊拳頭。我感覺我的神經被擊中了，我快要爆炸了。,我不能說我感覺很棒。我和以前一樣易怒，我害怕做或說一些我可能會後悔的事情。,,,,,,,您認為拯救或幫助周圍的人是您的責任嗎？,你會說你的感受可以歸因於別人嗎？,你認為你最近需要控制你的人際關係嗎？,您是否傾向於向內看並為出現的每個問題責備自己？,當你與他人交談時，你是否能夠認真傾聽並誠實地考慮他們的觀點？,您會說您目前正在經歷個人創傷，可能涉及您的親人或朋友嗎？,,,,,,,,,,,,,,,,,,,,,,,,,,,
男性,40-49,不太好。我的狗昨晚死了。,感覺不好。我媽媽昨晚住院了。,不太好。我期末考試不及格。,,,,,,,如果可以的話，您是否認為您可能正在嘗試成為別人的救星？,明白了，謝謝，那我再深入研究一下。在這種令人遺憾的情況下，您是否覺得自己是受害者？,謝謝你的回复，很有幫助。試著從外面看自己，你是否覺得你在控製或試圖控制別人的行為？,請問您是否一直認為自己是造成問題的主要原因？,謝謝你讓我知道。您是否相信您已經探索了所有選項，包括其他人可能向您建議的選項？,很抱歉讓您感到難過，為了幫助您，我想深入挖掘一下。如果你不介意我問一下，你正在經歷一場艱難的個人危機嗎？,極度憤怒！老婆離我而去！,糟糕的！我的室友偷了我的項鍊！,非常失望！我的老師錯誤地指責我作弊,,,,,,,感謝您的信任，感受您的感受是可以的。你相信你可以——或者應該——成為別人的救世主嗎？,感覺你的感覺是可以的。你相信你是你情緒如此低落的受害者嗎？,明白了，謝謝你覺得你可能試圖控制別人嗎？,謝謝，我明白了。你相信你是所有問題的根源嗎？,謝謝你讓我知道。你認為你已經考慮了所有的選擇，你可以從每個角度來看待你當前的情況嗎？,感謝您的答复。如果你不介意我問一下，你現在正在經歷個人危機嗎？你的人際關係或其他事情是否特別困難？,,,,,,,,,,,,,,,,,,,,,,,,,,,
女性,60-69,我有過得更好的時候。,我無法停止哭泣。,彷彿有一朵烏雲籠罩著我。,,,,,,,您目前的擔憂是否與您想要幫助的人有關？,您是否覺得有人以任何方式傷害了您？,你是否覺得有人不接受你的權威，但他們應該接受？,當出現問題時，您是否覺得好像總是要責怪自己？,與您交流過的其他人可能提供了一些建議。其他人提出的任何建議對您有幫助嗎？,您是否會說您在與朋友或家人相處時遇到困難？,我非常生氣,,,,,,,,,,,,,,,,,,,,,,,,,,,,,,,,,,,,,,,,,
男性,18-24,我不好，我真的很難過,我很難過，我和我男朋友吵架了,我感覺不好，我分手了,,,,,,,難不成你是來救人的？,你會因為你正在處理的這種負面情緒而責怪別人嗎？,如果您必須對自己誠實，您是否覺得您可以或想要控制某人？,當事情出錯時，你是否總是傾向於責備自己而不管你是否真的犯了錯誤？,想一想，你有沒有真正考慮過其他人過去向你提出的其他觀點和觀點？,你是否覺得自己遇到了麻煩，沒有人可以幫助你？,我不好，當陌生人撞到我的車時，我真的很生氣,我感到非常惱火，我在酒吧打架並被禁止在那裡,我真的很生氣，我看到我丈夫欺騙我,,,,,,,請問你有沒有覺得自己應該成為別人的救星？,謝謝你的回答。你會因為你現在的負面情緒而責怪別人嗎？,你認為你現在可以試圖控制別人嗎？,你會說，出了事總是自責嗎？,您能否自信地說，您過去一直仔細考慮朋友或家人提出的其他觀點？,你會說你現在可能正在經歷一些危機嗎？,,,,,,,,,,,,,,,,,,,,,,,,,,,
男性,40-49,我覺得有點空虛。我的生活中沒有任何事情發生。,我感覺非常費。一切可能出錯的地方都出錯了。想地上找個縫鑽進去。,今天早上剛看到新聞，我心態崩裂了。,,,,,,,您是否認為您的腦海中某處正在發生某些事情，讓您覺得自己應該成為生活中其他人的救世主？,我明白了，謝謝。你不開心是因為別人讓你感覺不好，就像你被他們傷害了一樣，你是受害者？,謝謝，我明白了。你是否有可能很難控制別人？,謝謝你的回答。當事情沒有如願以償時，您是否覺得自己總是在責備和指責自己？,在您與他人的其他對話中，您是否充分考慮了他們試圖提出的觀點？,在您的內心深處，這是您正在經歷的個人危機嗎？你是否感到被你的親人或朋友傷害？,我需要休息一下社交媒體,這是一個非常糟糕的時刻,這是一個非常緊張的時刻,,,,,,,,,,,,,,,,,,,,,,,,,,,,,,,,,,,,,,,
男性,25-29,不是很好,我今天過得不好,我感覺非常差,,,,,,,成為別人的救世主是否對你來說很重要，並這對你有好處嗎？,謝謝你，讓我們再回想一下你的這種感覺。你會說你是一個受害者，你會因為你的感受而責怪別人嗎？,在回答下一個問題之前，請嘗試深入了解您與他人的關係。你覺得你在試圖控制某人嗎？,我想讓你停頓一下，想想你是否總是在出現問題時責備自己？,在之前的談話中，你有沒有停下來傾聽並考慮其他提出的意見？,看看您的個人生活，您是否覺得自己正在經歷個人危機（與親人有困難，例如與朋友吵架）？,我對這個世界感到厭惡,一點都不好！,我怎麼會在這種情況下？,,,,,,,看看你自己，你是否相信你現在的情緒是因為你渴望成為別人的救星？,你認為你的感覺是因為你把你的感覺有多消極而責怪別人嗎？,你有沒有停下來想過，如果你有這種感覺是因為你試圖控制某人，然後發現你真的是？,你有沒有想過這種不好的感覺是否是因為你總是在出現問題時責備自己並指責自己？,老實說，當別人向您提出意見時，您是否真的覺得您總是會考慮並尊重他人的意見？,如果您不介意我問一下，您是否正在經歷個人危機，或者您是否與所愛的人有困難？,,,,,,,,,,,,,,,,,,,,,,,,,,,
男性,18-24,不好,我感到沮喪,我不知道我的感受,,,,,,,你認為自己是別人的救星嗎？,明白了，謝謝你認為自己是別人的受害者嗎？,你有沒有覺得你在試圖控制某人？,也許你會說，當出現問題時，你總是責怪自己？,在談話中，你通常會考慮其他人的觀點嗎？,你和你愛的人有什麼困難嗎？,我生氣,我他媽不知道,我想打人,,,,,,,你認為自己是別人的救世主，還是覺得自己對生活中的某個人過於負責？,你認為自己是別人行為的受害者嗎？,你有沒有覺得你試圖讓某人處於你的控制之下？,當出現問題時，你是否經常責備自己？,在之前與您生活中的人的討論中，您是否檢查並採納了與您自己不同的任何觀點？,請問此時此刻您與親人是否有重要的問題，或其他重大問題？,,,,,,,,,,,,,,,,,,,,,,,,,,,
男性,40-49,不太好，又是一個沒有絲毫區別的日子。,她就是不和我說話了，我不知道該怎麼辦。,我想我很沮喪，我只是累了……你知道嗎？厭倦了這一切。,,,,,,,你認為別人的問題應該是你要解決的問題嗎？,你認為這是別人的錯，有沒有人讓你感覺不好？,您是否認為自己可能會過度參與，試圖控制不該控制的人？,你是否總覺得問題是你自己的錯？,你有沒有退後一步，從各個角度考慮，站在別人的角度看你的情況？,你現在的生活中有什麼重大的個人問題嗎？,我對我的父母很生氣，他們總是試圖控制我。,我不敢相信她欺騙了我，我現在非常受傷和生氣。,我的老闆一直在貶低我，我再也受不了了。,,,,,,,你覺得你是在試圖拯救某人，干預他們的行為嗎？,有沒有人會因為你的感受而受到責備？,你認為這種情況，以及其中的人，是你試圖支配的東西嗎？,當事情出錯時，你是否覺得總是你的錯？,你有沒有站在對方的角度，站在對方的角度看這個情況？,請問你現在的生活有什麼大問題嗎？,,,,,,,,,,,,,,,,,,,,,,,,,,,
女性,25-29,我今天有點不高興。,我今天過得很糟糕。,今天和男朋友吵架了,,,,,,,你覺得有人需要你的幫助嗎？,你覺得這些情況是別人行為的錯嗎？,你是否覺得自己正試圖為別人的行為負責？,您是否覺得自己在對自己進行評判，並在逆境中總是責備自己？,您認為還有其他方法可以查看這種情況嗎，其他人的建議是否可以幫助您找到它？,您現在是否正在經歷艱難時期，是否與朋友或親人鬧翻了？,我對上週在工作中發生的事情感到很生氣。,我在想我最近和媽媽吵架，這讓我很生氣。,我很生氣我的老闆不讓我加薪。,,,,,,,你是否試圖以犧牲自己的幸福為代價來幫助別人？,你會說是別人讓你有這種感覺嗎？,你覺得你最近需要為別人的行為負責嗎？,當負面事件發生時，你是否總是把額外的責任歸咎於自己？,你認為還有另一種方式來看待這種情況嗎？,我想知道您現在是否正在經歷特別困難的時期。,,,,,,,,,,,,,,,,,,,,,,,,,,,
女性,30-39,我很沮喪，我今天應該去看我爸爸，但他不得不重新安排時間，我很想念他。,我感到沮喪，因為我找不到放鬆的方法。,我很難過。我的狗死了，我無法承受傷害。,,,,,,,忠誠和樂於助人總是美好的美德，但是，如果我們開始忘記自己的幸福，它們就會變得不健康。您認為專注於幫助他人比成長和專注於自己更重要嗎？,您是否認為其他人正在讓您做某事，或者正在以某種方式傷害您？,當涉及情緒時，總是很難保持客觀，但如果可以的話，我希望你嘗試一下。你是否覺得你總是更關注別人在生活中所做的事情，而不是你在生活中所做的事情？,在面臨挑戰或對抗性的情況時，您是否傾向於將事情個人化，總是將所有責任歸咎於自己？,回想以前的情況和與他人的對話，您是否曾經跳出思維過程並思考可能挑戰您的觀點？,您在個人生活中是否遇到任何困難或面臨危機？,我生自己的氣。,我很生氣我的老闆寫信給我。,我以前從來沒有這么生氣過，我只是被誣告偷竊。,,,,,,,你認為在你生命的這一刻，你應該專注於拯救別人嗎？,有時別人讓我們受苦，但有時可能是我們逃避為自己的行為和選擇承擔責任。你覺得你因為別人而受苦嗎？,老實說，您是否認為自己將時間和精力集中在控制他人的行為上？,當出現問題時，您是否覺得自己總是要承擔所有後果？,你有沒有花時間考慮過你的觀點之外的其他觀點？,您是否正面臨個人危機，或者您是否與家人、朋友或親人鬧翻了？,,,,,,,,,,,,,,,,,,,,,,,,,,,
男性,25-29,一點都不好，我丟了工作。,我啥都不如意，我從來沒有足夠的錢做任何事情。,糟糕的。汽車無法啟動，這真的讓我失望。,,,,,,,,我想知道你是否感到被周圍的人理解或對抗；這對我能夠幫助你很重要。你認為你周圍的人理解你還是他們實際上是問題的一部分？,你覺得讓別人控制自己很舒服嗎？,當你情緒低落時，你是否總是為生活中的錯誤而責備自己？,過去，在與他人交談時，您是否站在他們的立場上？,您是否覺得在日常生活中與親近的人有麻煩？,生氣了，徹底結束了這一切。我剛出去工作。,生氣又生氣。我周圍沒有人在聽我說話。,一點都不好。我很生氣，剛剛和我的伙伴吵架了。,,,,,,,你有沒有覺得你總是試圖照顧別人，而不是你自己？,我理解你很生氣，你很受傷。你認為你周圍的人正在造成你正在經歷的負面情緒嗎？,如果我問你這個，你覺得你需要控制嗎？,您是否總是覺得自己是造成問題的人？,你有沒有從別人的角度看情況，你覺得有用嗎？,你會說你的大部分問題都圍繞著你現在最親近的問題嗎？,,,,,,,,,,,,,,,,,,,,,,,,,,,
女性,18-24,我感覺不太好，我被診斷出得了一種可怕的疾病。,我今天很傷心，昨晚我失去了一位親愛的朋友。,我感到非常難過，我出了車禍，我的車拋錨了。,,,,,,,你相信即使犧牲自己的幸福，你也能幫助別人嗎？,你是否覺得有人對你的負面情緒負有部分責任？,你是否在不知不覺中試圖控制你周圍的人？,即使是不公平的，您是否總是傾向於為生活中發生的所有不好的事情責備自己？,每當有人向您提出這些觀點時，您是否嘗試過仔細查看其他人的觀點？,現在，在你的朋友或家人圈子裡，有什麼事情困擾著你嗎？,請別打擾我,不要打擾我,像個傻逼,,,,,,,,,,,,,,,,,,,,,,,,,,,,,,,,,,,,,,,
男性,30-39,我感覺不太好，昨天和朋友鬧翻了,我現在感覺不太好我很傷心,我在我的生活中感到孤獨所以我很傷心,,,,,,,你有沒有可能認為，也許，幫助自己也可以幫助別人？,你的處境是否讓你覺得好像別人有錯？,,您是否總是不公平地要求自己為發生在您身上的事情負責？,,您是否感到與周圍的人隔絕，或者您的安全處於某種危險之中？,我不好是因為我的朋友欺負我,我不好，想到我的孩子我很生氣,我對我的老闆很生氣，因為他咄咄逼人,,,,,,,,你覺得你的負面情緒可能是由其他人引起的嗎？,在你的生活中，有沒有人試圖影響他的意見？,您是否覺得意外情況總是要歸咎於您？,你認為你能把你的願景變成另一個觀點嗎？,,,,,,,,,,,,,,,,,,,,,,,,,,,,
男性,30-39,我有點沮喪。,我沒有任何快感。,我不想做任何事情。,,,,,,,你是否感到為他人的命運承擔責任？,你是否覺得自己受到了傷害，是別人的錯？,您是否有可能在強力影響他人的決定和行為？,想一想，你會不會說遇到問題時總是自責？,您是否充分考慮了過去與之交談的人的觀點？,您是否在人際關係中遇到困難（例如與朋友的失敗）？,到目前為止，我討厭我的一天。,今天一切都糟透了。,今天這一天考驗了我的耐心。,,,,,,,你覺得有責任解決別人的問題嗎？,你是否覺得自己受到了別人的負面影響？,您是否認為有人沒有給您應得的自由，而您必須說服他們？,當事情沒有按計劃進行時，你是否總是讓自己感覺很糟糕？,您是否考慮過其他人在您之前與他們的對話中會如何看待事物？,或許，您的人際關係是否正在發生戲劇性的變化（例如，與朋友或親人相處不好）？,,,,,,,,,,,,,,,,,,,,,,,,,,,
男性,50-59,不是很好。我只是覺得空虛。,有待改善。我的妻子和家人最近似乎很疏遠,有點難過。我父親最近去世了。,,,,,,,你覺得你被期望去拯救別人嗎？,請問您現在是否覺得自己是受害者，而其他人要為您的悲傷負責？,你有沒有發現自己責怪或控制你周圍的人？,當事情出錯時，你是否發現自己總是承擔責任？,你會誠實地說你對別人的觀點持開放態度嗎？,如果你不介意我問這個，家人、朋友有什麼問題嗎？,不是很好。我想辭掉我的工作。,我覺得很煩躁。,我正在被迫害。,,,,,,,你發現自己相信你必須拯救別人嗎？,如果我問，你有沒有發現自己因為你的感受而責怪別人？,你是否經常發現自己試圖控制別人？,當事情出錯時，您是否發現自己總是要承擔責任？,你容易考慮別人的觀點嗎？,你現在是否發現自己壓力很大，與同事、朋友或家人有問題？,,,,,,,,,,,,,,,,,,,,,,,,,,,
男性,18-24,我感覺不好。我發燒了。,由於和朋友吵架，我很沮喪。,我無法集中註意力，感到孤獨。,,,,,,,你相信有值得你拯救的人嗎？,你認為有人要為你的負面情緒負責嗎？,如果你想一想，你現在想要控制你生活中的某個人的力量嗎？,當你的生活出現問題時，你是否認為總是你的錯？,你覺得在之前的談話中你是否充分考慮了其他觀點？,你正在經歷艱難的時期，還是個人危機？如果是這樣，你可以告訴我。,我今天真的很生氣。,這是非常糟糕的一天。,我朋友的行為讓我很生氣。,,,,,,,您是否自費讓他人安全？,你現在是否因為別人而感到難過？,你會說你可能試圖控制某人嗎？,你是否覺得，在內心深處，你總是為發生的任何不好的事情而對自己大喊大叫？,,,,,,,,,,,,,,,,,,,,,,,,,,,,,
女性,50-59,我真的很沮喪，很沮喪，我在任何地方都找不到工作。,我失去了動力，似乎永遠無法提高我的成績，我很難過。,我覺得很糟糕，我的女朋友甩了我，現在我沒有人了，我真的很沮喪。,,,,,,,你覺得你可以做些什麼讓別人變得更好嗎？,您是否覺得您對此不承擔任何責任，而其他人應該為傷害您而負責？,是否涉及權力鬥爭，需要有人獲勝？,您是否總是覺得自己是錯的人，即使您不應該這樣做？,你通常能把自己放在別人的位置上嗎？,請問你最近壓力大嗎？,我像大黃蜂一樣生氣，我想打人。,我總是被生活踢倒，我真的很生氣！,受夠了被虐待，我從來沒有這么生氣過！,,,,,,,你有沒有覺得你更關心別人的需要而不是你自己的需要？,是不是有時，您將自己犯下的錯誤歸咎於他人，或者傾向於逃避內疚？,,您是否通常覺得自己應該做一些不同的事情，您是否經常質疑自己的行為？,您是否能夠在不立即判斷或爭論的情況下查看其他觀點？,我想知道您的生活總體情況如何。最近有沒有什麼重大的令人痛心的事件或挑戰？,,,,,,,,,,,,,,,,,,,,,,,,,,,
男性,30-39,我真的很鬱悶。我所做的一切都不值得。,真的不好。我想我的婚姻結束了。,我每天都很難過，自從那次事故後我一直很痛苦。,,,,,,,你是否覺得你的行為是在試圖解決問題、幫助某人或使事情對某人有利？,有沒有其他人讓你難過？,你覺得你可能試圖影響或改變別人的行為嗎？,請告訴我，當事情出錯時，你總是把責任推給自己嗎？,謝謝你的回答。您是否能夠考慮在之前的對話中向您提出的替代觀點和意見？,在您的個人生活中，您目前正在經歷什麼特別困難的事情嗎？,我真的很生氣，我今天在工作中無法完成任何事情。,生氣了，我的朋友真的很煩人。,生氣的。工作中的人期望我做任何事情！,,,,,,,你認為你的感情可能是因為你試圖用你的行為幫助、拯救或救贖別人嗎？,沒關係，謝謝你讓我知道。您是否覺得，也許是某人或某事引起了您的負面情緒？,你認為你的行為會被別人認為是控制嗎？,當出現問題時，您是否總是覺得自己應該受到責備？,你真的覺得你在之前的談話中總是能夠考慮其他觀點嗎？,請問，您目前是否有任何具體的個人或情感上的困難？,,,,,,,,,,,,,,,,,,,,,,,,,,,
女性,40-49,我今天很傷心，似乎什麼都不對。,我失去了所愛的人，從那以後我就沒有真正感到快樂。,我真的很沮喪，我感到沮喪，沒有動力。,,,,,,,請問您是否相信將他人從問題中解救出來是您自己的責任？,非常感謝您的回答。我現在想問你，你是否認為自己是這種情況的受害者，而你的痛苦感覺應該歸咎於其他人。,再次感謝，這對我的理解很有幫助。可能是你試圖控製或操縱別人做你想讓他們做的事情？,我明白了，謝謝你花時間回答這個問題。請問您是否覺得自己有一種總是將問題歸咎於自己的傾向？,你是說在之前的談話中，你總是傾聽別人的觀點，花時間仔細考慮他們的觀點嗎？,感謝您到目前為止的回答。請問您現在是否覺得自己正在經歷個人危機，或者您是否正在與周圍的人遇到難以處理的人際關係困難？,我現在很生氣，我不敢相信我被當成了傻子。,我真的，真的很生氣。我覺得我可以炸了。,我對我的伴侶對我撒謊感到生氣。,,,,,,,如果我問，在這種情況下，您是否覺得自己是在努力拯救或拯救其他人？,謝謝您的回答。我現在想問你，你是否覺得自己是受害者，讓你有這種感覺應該怪別人。,再次感謝您幫助我了解情況。您是否有可能試圖控製或操縱生活中的其他人？,我明白了，謝謝你的耐心。如果可能的話，我想知道您是否認為每當發生不好的事情時，您可能總是傾向於責備自己。,你會說你在之前的談話中一直考慮其他觀點，充分考慮其他人的意見和建議，而不是讓他們閉嘴嗎？,如果我問，您是否覺得您與朋友、家人或親人遇到了難以控制的困難？,,,,,,,,,,,,,,,,,,,,,,,,,,,
女性,30-39,我今天好難過。,我感覺有點虛弱和沮喪。,我沒有太多精力去做任何事情。,,,,,,,感謝您迄今為止的合作。請問您是否覺得有必要將生活中的其他人從他們自己的問題中解救出來？,我明白了，謝謝。您是否覺得自己是其他人行為的受害者？,謝謝你。你會說，也許你正試圖控制別人，讓他們做你想讓他們做的事，或者說你想听的話？,謝謝，我明白了。你是否覺得你總是為你面臨的問題責備自己？,感謝您的信任，請幫助我更好地理解。你是說，在之前的談話中，你一直願意聽取別人的看法和意見嗎？,謝謝你。我想知道您是否因為與朋友或家人的問題而正在經歷特別困難的時刻。,我今天很生氣。,我恨這個國家！,我對這裡的情況很生氣，我真的很討厭職業政治家。,,,,,,,我可以先問你，你是否覺得有責任拯救你生命中的其他人？,我明白了，謝謝。在這種情況下，您是否可能將自己視為受害者？,我明白了，謝謝。控制行為呢？你有沒有向其他人展示過這些？,我明白了，謝謝你到目前為止的回答。如果我問，你覺得你是那種一出事就總是自責的人嗎？,再次感謝您今天的耐心等待。我想知道您是否真的相信，您在之前的討論中一直仔細考慮其他人的觀點。,謝謝你對我敞開心扉，我想幫助你放下消極的想法。是否因為與家人或親人的問題，您現在正在經歷一段特殊的痛苦？,,,,,,,,,,,,,,,,,,,,,,,,,,,
男性,50-59,不好，我感到孤獨,我很無聊，我一個人在家,疫情讓我失去了個人,,,,,,,,,,,,,滾蛋,我想讓我為了殺他而自殺的朋友起死回生,我討厭我的女孩,,,,,,,謝謝你，你做得很好。如果我問你，你發現自己在努力拯救你周圍的人嗎？,我看到有些事情困擾著你。你覺得有人在傷害你嗎？,再次感謝您的合作。我可以問一下，您是否對某個人感到如此負責，以至於您可能試圖控制他們？,你是不是總覺得自己摸到的東西都壞掉了，犯錯總是過分自責？,請問在日常生活中，您是否會認真傾聽朋友的意見，而不總是有提出自己願景的衝動？,我知道這對你來說不是一個好時機，也許還有更重要的事情發生。您是否正在經歷個人危機，面臨涉及生活中其他人的無法處理的問題？,,,,,,,,,,,,,,,,,,,,,,,,,,,
男性,40-49,我很難過,我感到孤獨,我情緒低落,,,,,,,你覺得你應該成為別人的救世主嗎？,感謝您分享這個。你能告訴我你是否認為自己是受害者，把你的負面情緒歸咎於別人嗎？,謝謝你讓我知道這件事。你能告訴我你是否覺得你在試圖控制某人嗎？,感謝您分享這個。你能告訴我你是否覺得當事情出錯時你總是在責備和指責自己嗎？,你能告訴我你是否覺得你通常能夠考慮和學習別人的觀點？,感謝您的耐心等待，我真的很感激。你能告訴我，你是否覺得在你生命中的這一刻正在經歷個人危機，在工作或家庭中遇到嚴重的困難？,我不好,我感到有壓力,我累了,,,,,,,你能告訴我你是否想拯救別人、朋友或所愛的人嗎？,你能告訴我你是否認為自己是一個受害者，把你的負面情緒歸咎於別人嗎？,你能不能看看你自己，告訴我你是否覺得你在試圖控制某人？,當出現問題時，您是否覺得自己總是在責備和指責自己？,老實說，您能否告訴我，在之前的對話中，您是否真的考慮過其他觀點和觀點？,你覺得你現在可能正在經歷個人危機嗎？,,,,,,,,,,,,,,,,,,,,,,,,,,,
男性,40-49,空是輕描淡寫,今天我感覺想成為一顆釘在牆上的釘子。就在那里呆著。,比平時更沒用,,,,,,,謝謝，現在我想問你一個簡單的問題，以便我能更好地理解。拯救別人會讓你快樂嗎？,,,您是否總是仔細考慮負面事件並想知道如果事情變得不同會發生什麼？,你認為自己是一個思想開放、喜歡聽別人意見的人嗎？,如果你有一根魔杖，現在有沒有人會從你的生活中消除，以便感覺更好？,我有更好的日子,你有其他問題嗎？,比昨天更糟,,,,,,,我想問你，即使是自費幫助別人，你是否是天生的？,,有時我們會後悔自己的生活沒有始終處於掌控之中，並因此試圖控制他人。你覺得你可能試圖控制某人嗎？,如果我告訴你，你可能對自己太苛刻了，你會同意嗎？,你認為自己是一個能夠真正傾聽他人意見的人嗎？,,,,,,,,,,,,,,,,,,,,,,,,,,,,
女性,60-69,我感到沮喪和悲傷,我被悲傷淹沒,我感到悲傷和沮喪,,,,,,,你覺得你必須照顧其他人嗎？,也許，您現在是否覺得世界與您為敵？,下面的問題可能感覺有點直接，但請盡量誠實地回答。你會說你現在覺得有必要控制某人或某事嗎？,想想你過去對自己的感覺，你會說你覺得一切都是你的錯嗎？,你會說你善於從不同的角度看情況嗎？,感謝您如此耐心和合作。如果你不介意，我希望你告訴我你是否覺得你此刻正在掙扎。,我對我的老闆很生氣，因為他總是沖我大喊大叫,我生自己的氣，因為我不能減肥，也沒有自製力,我很生氣，因為生活太不公平了,,,,,,,你通常覺得要為別人的感受負責嗎？,,,謝謝你。當事情出錯時，你是否覺得總是你的錯？,我想知道從另一個角度來看這個是否有用，你有沒有嘗試過？,你是否覺得你現在生活中有無法解決的問題？,,,,,,,,,,,,,,,,,,,,,,,,,,,
女性,60-69,今天心情真的很低落,我感覺像一塊濕抹布,我一點都不舒服，我完全心灰意冷,,,,,,,您現在的心情是否取決於您無法幫助所愛的人這一事實，您是否因此而感到內疚？,我明白。在這種情況下，其他人是否是問題所在，也許是您親近的人對待您的方式？,我明白了，也許你的悲傷可能是因為無法從別人那裡得到你需要或期望的東西。可能是您試圖控制某人但無法控制，這讓您感到沮喪？,當您無法實現目標時，您是否總是傾向於責備自己，即使責任實際上應該歸咎於其他人？,您是否曾嘗試從外部看自己，並通過更廣闊的鏡頭看周圍的世界，而不受任何偏見的影響？,我知道這可能很艱難，所以感謝您如此耐心地回答所有問題。您最近是否經歷過強烈的情緒壓力，或者您是否感到被朋友或親人誤解？,今天我覺得自己很糟糕！,我對全世界都很生氣！,看，如果可以的話，我會打破一切，包括這台該死的電腦！,,,,,,,讓我們試著了解是否有更深層次的事情讓你感到這種憤怒。最近有沒有發生什麼事情，你是否對某個人感到內疚，也許……一個你無法幫助的人？,謝謝，那麼我們需要在別處尋找導致您負面情緒的原因。是其他人讓您有這種感覺，例如您的家人或工作中的某個人嗎？,我想知道您的憤怒是否部分是由於缺乏控制和對它的渴望引起的。您是否感到無法但又想控制所愛的人或工作中的某個人？,即使後果並不直接取決於您自己的行為，您是否總是對周圍發生的一切負責？,作為一種習慣，你會說你熱衷於考慮除你自己之外的其他觀點嗎？,您與朋友和親人的關係如何，您最近是否發現難以與他們建立聯繫？,,,,,,,,,,,,,,,,,,,,,,,,,,,
女性,40-49,剛過，最近沒太多精力做事,我很高興你問這個問題，因為我最近真的很糟糕。我想我很沮喪。,好吧，我該從哪裡開始呢。我很難過，我很難打字。,,,,,,,我想了解一下您如何看待自己在社交圈中的角色。你是否經常覺得救人是你的工作，或者別人希望你這樣？,沒關係，謝謝你讓我知道。有沒有人因為你的悲傷而特別責備誰？,會不會是為了改善自己的處境並讓自己感覺更好，您正在嘗試控制生活中的其他人？,謝謝你讓我知道。你會不會說你很容易自責，經常因為出了問題而責備自己？,您會認為自己是一個很容易聽取他人觀點和意見的人嗎？,我想知道你的悲傷是否可以在更廣泛的問題上解決。您在生活中是否遇到任何重大問題，例如，您是否與所愛的人鬧翻了？,我對我的老闆很生氣，她總是那麼苛刻，根本不考慮人們的心理健康,我對我的伴侶在房子周圍無所事事感到生氣,我工作，我做飯，我打掃衛生，他們還想讓我做什麼！,,,,,,,謝謝你和我分享這個。為了我能更好地幫助你，你能告訴我，你是否一直覺得生活中比平時更需要幫助別人，或者拯救他們是你的責任？,好的，謝謝你讓我知道。也許您已經陷入一種心態，將自己視為受害者，而其他人是肇事者？,當我們覺得自己的生活很少或沒有時，我們可能會渴望控制。可能是你希望或試圖控制你生活中的某個人？,好的，感謝您回答這個問題，還有任何內疚或有罪的感覺。每當出現問題時，您是否傾向於覺得自己有錯？,謝謝你，這有助於我更好地了解你。你相信你是一個能夠聽取別人建議並付諸實踐的人嗎？,你知道，我想知道這種憤怒是否有更深的根源。您的生活中是否有任何重大事件、危機或與您關心的人發生重大關係？,,,,,,,,,,,,,,,,,,,,,,,,,,,
女性,25-29,感覺空虛，吃不下睡不著,自從他離開我我真的不想再活了,我不能再這樣下去了，太痛苦了,,,,,,,是否有可能因為無法拯救生活中需要拯救的人而導致您的悲傷？,我同情你現在所經歷的悲傷。我想知道，在你的生活中，有沒有人讓你覺得應該為你的悲傷負責？,你的悲傷會導致你對某人變得操縱嗎？是否可能是您試圖讓某人做或說某事以讓自己感覺更好？,嗯，我明白了，謝謝你花時間回答所有這些問題，我仍在努力找出最好的幫助方式。你會說當出現問題時，你有把矛頭指向自己的傾向嗎？,謝謝你。如果你不介意，我想知道你是否認為自己是一個思想開放的人，能夠不加評判地傾聽別人的意見。,你的悲傷是否與一些更大的問題有關，比如你和你所愛的人之間的人際關係危機？,一切都很糟糕，我討厭我的生活,哦，甚至不要讓我開始！,我現在很生氣我會打人,,,,,,,讓我們試著找出讓你感到這種憤怒的更深層次的原因。可能是因為您無法將生活中的某個人從他們自己的問題中解救出來而感到沮喪嗎？,我明白了，那麼受害的感覺呢，這些有時會讓我們對這個世界感到憤怒。你覺得別人在傷害你或利用你嗎？,好的，謝謝你，那我們需要去別的地方看看你為什麼會有這種感覺。可能是你有控制你認識的人的言行的願望，但這種願望讓你感到沮喪？,嗯，那麼也許你內心深處覺得這是你造成的。你是否總是為自己的錯誤或失敗而責備自己，不管你對它們負有多大的責任？,您是否覺得自己通常能夠走出自我，以全新的眼光看待情況？,我想知道你的憤怒是否會被隱藏在表面之下的更大的東西觸發。您最近在個人生活或職業生活中是否遇到了非凡的困難？,,,,,,,,,,,,,,,,,,,,,,,,,,,
女性,30-39,不好，我認為什麼都不會改變。,非常難過，我今天沒有精力。,所以，我今天的心情很陰鬱。,,,,,,,你相信你可以通過幫助別人來幫助自己嗎？,你有沒有覺得別人要為你現在的感受負責？,你認為你可能擁有或渴望影響他人的力量嗎？,當出現問題時，您是否總是感到有責任感？,在過去的談話中，你是否總是考慮到別人的意見，即使他們與你看待世界和自己的方式相去甚遠？,您是否會將您生命中的這一刻描述為一個緊張而復雜的時刻，您、您的人際關係和情感都受到了強烈挑戰？,不好，我今天過得很糟糕。,沮喪，我很生氣，我不知道為什麼。,好吧，但我覺得很煩。,,,,,,,如果您與您現在的感受聯繫在一起，是否需要感覺對某人有用？,你認為有人會對你現在的感受負責嗎？,謝謝你，那麼你控製或影響他人的能力呢？您是否覺得自己已經或需要對他人產生影響？,你是否總是覺得自己是發生在你身上的困難或麻煩的主要責任人？,在之前的談話中，您是否考慮並考慮過向您提出的任何其他觀點？,你認為你的人際關係可能有困難，難以與他人交流感情或愛嗎？,,,,,,,,,,,,,,,,,,,,,,,,,,,
男性,40-49,我今天很傷心，因為我和我的伴侶吵架了,我今天感到很沮喪，因為我今天收到了一位客戶的差評,最近我失去了我的祖父，我感到很沮喪,,,,,,,在回答以下問題之前，請嘗試仔細考慮您最近的過去。最近，您是否覺得自己有責任拯救周圍的人，以犧牲自己為代價來幫助他們克服問題？,感謝您的回答，讓我們看看是否還有其他事情困擾著您。你覺得最近有人虐待你或傷害你嗎？,謝謝你的回答，我一直在這裡理解和幫助你，從不評判。你有沒有可能試圖掌控別人的生活？,沒關係，謝謝。您是否認為您最近總是在為某事責備自己？,有時，只要我們能夠傾聽，其他人也許能夠幫助我們弄清楚情況並變得更強大。你認為自己是一個好的傾聽者嗎？,您現在是否有可能正在經歷一些特別困難的事情，這對您的生活產生了災難性的影響？,我開始想我哥哥什麼時候離開並生氣,我今天很生氣,這一刻我無法控制自己,,,,,,,在回答這個問題之前，請試著仔細想想你最近的過去。最近，您是否覺得自己有責任拯救周圍的人，以犧牲自己為代價來幫助他們克服問題？,感謝您的回答，讓我們看看是否還有其他事情困擾著您。你覺得最近有人虐待你或傷害你嗎？,我明白。你有沒有可能試圖掌控別人的生活？你可以老實告訴我，我是來幫忙的，不是來評判的。,沒關係，謝謝。您是否認為您最近總是在為某事責備自己？,有時，只要我們能夠傾聽，其他人也許能夠幫助我們弄清楚情況並變得更強大。你認為自己是一個好的傾聽者嗎？,您現在是否有可能正在經歷一些特別困難的事情，這對您的生活產生了災難性的影響？,,,,,,,,,,,,,,,,,,,,,,,,,,,
男性,40-49,我很痛苦，我已經好幾個星期沒能讓自己做任何事情了。,情緒真的很低，我發現大多數日子都很難起床。,所以，目前似乎沒有什麼能讓我開心。,,,,,,,您是否經常發現自己扮演了一個好撒瑪利亞人的角色，您正在努力幫助甚至糾正他人為自己的利益？,你是否發現別人經常為你周圍的錯誤負責？,您是否發現自己花費了大量精力試圖改變周圍人的行為和行為？,當發生錯誤或事情沒有按計劃進行時，您是否經常自己承擔？,在與他人交談時，您是否覺得在形成自己的觀點和意見時允許自己接受不同的觀點和意見？,您現在在個人生活中是否正在經歷任何困難或創傷？,真的很生氣！我的老闆根本不尊重我的時間！,被惹毛了！交通是一場噩夢，有人把我攔住了，我差點撞上他們！,我壓力好大！我整整一周都沒有時間獨處！,,,,,,,你認為你的行為是出於拯救或幫助某人的願望嗎？,你的感受是別人行為的結果嗎？在這種情況下，您認為自己是受害者嗎？,您是否有可能試圖改變或影響他人的行為？,當您周圍出現問題時，您是否發現自己總是或經常將自己定位為該受責備的人？,在您的日常互動中，您是否經常發現當出現不同的觀點時，您願意改變主意？,你現在在你的個人生活（例如你的愛情生活，或與朋友或家人）中是否遇到任何困難或戲劇性的問題？,,,,,,,,,,,,,,,,,,,,,,,,,,,
女性,40-49,心情低落，男朋友跟我分手了,感覺自己在坑底：剛丟了工作,我感到很孤獨，因為我的朋友不會參加我的生日聚會。,,,,,,,你覺得多幫助別人可以改善你自己的情況嗎？,你認為你情緒低落是別人的錯嗎？,你覺得如果別人改變了他們的行為方式，你的生活會更輕鬆嗎？,你是否總是覺得你應該做更多的事情來防止糟糕的情況發生？,別人的意見對你有價值嗎？,這些天您在與朋友或家人的關係上有困難嗎？,我感到壓力很大，我對我的男朋友很生氣，因為他總是遲到而不提前通知我。,我很生氣，因為我的狗在我外出工作時撕毀了我最喜歡的沙發。,我很生氣，我剛剛發現我的丈夫和一個同事在欺騙我。,,,,,,,您是否覺得即使他們犯錯，為他人提供支持並支持他們對您來說非常重要？,您是否覺得其他人經常表現不佳或對您不尊重？,您是否覺得自己在嘗試改變其他人的行為方式上付出了太多努力？,當出現問題時，你是否總是覺得你可以做得更多或不同？,我明白了，謝謝。當您進行對話時，您通常會徵求其他人的意見和反饋嗎？,這些天您是否遇到困難或與他人相處有困難？,,,,,,,,,,,,,,,,,,,,,,,,,,,
女性,30-39,,,,,,,,,,,,,,,,,,,,,,,,,,,,,,,我感覺很焦慮，我在等那個工作項目的回音,我其實很擔心這個結果，我不敢再問了,實際上不是很好，對此感到有些焦慮,我很抱歉聽到這個。有沒有發生過讓你有這種感覺的事情？,這很難。那是最近發生的還是不久前發生的？無論哪種方式，您的感受都是完全有效的。,我想知道，您是否認為嘗試使用協議6 來重溫事件，如果您這樣做了，可能會導致這種感覺嗎？,我想知道，您是否認為嘗試使用協議11 重新審視該事件（如果您這樣做了）可能會導致這種感覺？,我很感激你覺得很舒服與我分享。您是否願意分享更多信息以便我可以提供幫助？,您認為您最近是否有過以下情緒：,,,,,,,我很好謝謝！,今天心情很好，睡得很好！,過的得好謝謝,,,,,我在這裡有一些可能會有所幫助的選項。請選擇您現在要查看的協議。,花點時間通讀一遍以理解，如果可以，請嘗試通讀整件事。完成後只需點擊“繼續”按鈕。,你感覺更好還是更糟？,聽起來還不錯。會做更多的幫助嗎？,我很抱歉聽到這個。我們應該嘗試另一個嗎？
男性,18-24,,,,,,,,,,,,,,,,,,,,,,,,,,,,,,,因為明天要考試所以我感到緊張,我很擔心，因為我沒有做作業,我感到害怕，因為我不確定我將來想要什麼職業,作為你的朋友，你可以隨時告訴我任何事情，我會盡我所能幫助你。你能告訴我是否發生了讓你有這種感覺的事情嗎？,我明白。你能告訴我這個事件的時間，以便我進一步了解是什麼讓你感到焦慮，是最近的還是遙遠的？,我知道這件事讓你很痛苦。你最近有沒有重溫這個事件，試圖找到它的結局，但它所做的只是把你在事件中無法忍受的情緒帶回來？,我知道這件事讓你很痛苦。你最近有沒有重溫這個事件，試圖找到它的結局，但它所做的只是把你在事件中無法忍受的情緒帶回來？,謝謝您，您的健康狀況對我來說非常重要。我現在會問一些關於你自己的問題，希望能減輕這種痛苦。,我知道您正在經歷一個艱難的時刻，我相信深入了解這些情緒的本質將幫助我了解最好的方法，以幫助擺脫您的痛苦。您是否曾經對一個人或多個人感到或表達過以下任何情緒：,,,,,,,我感覺很好，因為我剛剛發現我通過了考試,我感到很高興，因為我進入了我夢想中的大學,我的足球隊贏得了世界杯，我感到很滿足,,,,,我會給你一些協議建議，但決定必須來自你，因為你最了解自己。您能否選擇您認為最適合您的協議？,我建議你現在就嘗試這個協議，這可能很困難，但只要盡力而為，就會好的。完成協議後，按“繼續”按鈕，然後我們可以討論一下，如果您願意的話。,我知道執行協議可能很困難且要求很高。你現在感覺如何，你會說你感覺更好還是更糟？,這真是個好消息！您想嘗試不同的協議嗎？,好吧，那很不幸，我道歉。有許多不同的協議可供選擇，那麼您想嘗試另一種協議嗎？
女性,40-49,,,,,,,,,,,,,,,,,,,,,,,,,,,,,,,說實話，我真的很擔心事情。,感覺現在的生活有點壓倒性的。,我總是忍不住感到害怕。,我了解您感到焦慮。請你能告訴我更多關於這個嗎？焦慮是由一個或多個特定事件引起的嗎？,我知道了。你介意告訴我這是最近發生的還是過去發生的？,您可能知道，協議6 可用於檢查此類事件。您有使用協議6 的經驗嗎？而且，如果是這樣，您是否發現它使與過去事件相關的困難情緒浮出水面？,您可能知道，協議11 可用於檢查此類事件。您有使用協議6 的經驗嗎？而且，如果是這樣，您是否發現它使與過去事件相關的困難情緒浮出水面？,非常感謝你與我分享這個，我知道這不是一件容易的事。如果您能接受，我還想再問您一些問題，以便我更好地了解您的情況。,你告訴我你一直感到焦慮，現在我想更廣泛地詢問你的情緒狀態。下面的情緒怎麼樣，你有沒有強烈地感受過這些情緒，或者向別人表達過這些情緒：,,,,,,,我覺得這個世界好像一切都很好。,一點也不差。,對我來說一切都很順利。,,,,,根據您與我分享的內容，我認為這些建議適合您。請您告訴我您想嘗試哪些協議？,感謝您的選擇，您現在應該可以看到協議了；請看看你是如何處理它的。完成後，您可以按“繼續”。,感謝您完成協議。你會說你感覺比以前更好還是更糟？,聽起來還不錯。您想嘗試其他協議嗎？,我很抱歉聽到這個消息。您想嘗試其他協議嗎？
女性,30-39,,,,,,,,,,,,,,,,,,,,,,,,,,,,,,,我不知道，你為什麼要問我？誰讓你問我的？,嗯，不太好，嗯，我真的很擔心發生了什麼，我整個星期都沒睡覺。,我今天過得不好，你能幫幫我嗎？請幫幫我，你會幫我嗎？,我聽到了你的感受。為了支持你，你能告訴我是否有一個特定的事件引起了你的感受？,好的謝謝。你能告訴我這是最近發生的事情，還是前一段時間？,您最近是否通過協議6 重新審視了該事件的創傷，這就是您現在感到焦慮的原因嗎？,您最近是否通過協議11 重新審視了該事件的創傷，這就是您現在感到焦慮的原因嗎？,謝謝你，到目前為止你真的很勇敢地分享。我想看看我是否可以通過問你幾個問題來了解你的感受和這些感受的原因來支持你，你可以嗎？,為了幫助您，請您指出您是否對他人有以下任何情緒：,,,,,,,傑出的！我度過了最美好的一天！ ！,一切都很好，謝謝，沒有啥可抱怨！,是的，很好，謝謝。,,,,,因此，根據我們所討論的內容，我有以下建議供您選擇。請選擇您現在要嘗試的協議。,謝謝你。現在我希望您通讀並遵循協議，完成後按“繼續”。,謝謝你，歡迎回來。現在你已經完成了，你感覺如何？,這是非常積極的。你想試試另一個嗎？,好的，我知道你的感受了。我可以提出不同的建議供您嘗試嗎？
男性,60-69,,,,,,,,,,,,,,,,,,,,,,,,,,,,,,,我感到非常焦慮，而且一點也不舒服。,我的心情真的很低落，實際上很害怕。,我今天的心理健康一點都不好,我了解您可能感到焦慮，如果您能提供更多詳細信息，我願意幫助您。認為這可能與任何特定事件有關嗎？,謝謝，這可能有助於我知道發生這種情況的時間。你能告訴我，這是最近發生的還是遙遠的事件？,有時它可以幫助通過協議6 解決與過去的創傷事件相關的焦慮。你是否已經嘗試過協議6，如果是的話，你是否真的發現它帶來的情緒過於強烈？,有時它可以幫助通過協議11 解決與過去的創傷事件相關的焦慮。你是否已經嘗試過協議11，如果是的話，你是否真的發現它帶來的情緒過於強烈？,我知道這對您來說可能很難討論，但您的信息非常有用，謝謝。如果我繼續問你一些問題，以便我更清楚地了解你的情況，可以嗎？,我會給你一個情緒清單。我希望你考慮一下，然後告訴我你是否對其中的任何一個有強烈的感受或對某個人表達過其中的任何一個：,,,,,,,其實我感覺真的很棒。,我覺得有很多正能量。,我感覺在世界之巔,,,,,在我們的討論之後，我列出了我想向您推薦的協議。您是否樂意查看它們並選擇您可能會考慮嘗試的協議？,感謝您選擇此協議。您現在願意嘗試此協議嗎？完成後，請您按“繼續”按鈕。,非常感謝您接受本協議。完成後，您最初的感受是什麼，您感覺好些了還是更糟了？,我真的很高興這個協議讓你感覺好多了。你認為如果你嘗試另一種協議會有幫助嗎？如果是這樣，您現在想嘗試另一個嗎？,很抱歉，這並沒有讓您感覺好些，有時可能需要嘗試不同的協議才能感覺好些。你想嘗試另一種希望對你更有幫助的嗎？
男性,18-24,,,,,,,,,,,,,,,,,,,,,,,,,,,,,,,,,,我很抱歉聽到這個。是否有特定的事件讓您有這種感覺？,感謝您分享這個。在不詳細介紹的情況下，這個事件是最近發生的還是已經有一段時間了？,你最近是否通過協議6 重新審視了這個事件，並發現它帶回了焦慮的感覺和情緒？,你最近是否通過協議11 重新審視了這個事件，並發現它帶回了焦慮的感覺和情緒？,感謝您分享這些細節，我知道這對您來說一定很困難。現在我想問一些問題，以便更好地了解您的情況。,我理解你感到焦慮。除了這種感覺，您最近是否也對某人有以下任何一種情緒：,,,,,,,好極了！,非常感謝您的提問！,我感覺非常好，充滿希望。,,,,,我有一些您可以嘗試的推薦協議。你現在有什麼想嘗試的嗎？如果是，請選擇它。,謝謝，現在您可以嘗試通過您選擇的協議。當您完成後，如果您能回到我身邊並按“繼續”，我將不勝感激。,執行此協議後，您現在感覺如何，您感覺更好還是更糟？,這真是個好消息。如果您願意，我們可以嘗試另一種協議。,我很抱歉聽到這個。如果您想嘗試另一個協議，我們可以嘗試其他協議？
女性,25-29,,,,,,,,,,,,,,,,,,,,,,,,,,,,,,,我今天感覺很緊張。我有一個大測試，我擔心我不會通過。,我應該和朋友出去，但我覺得太緊張了。我不喜歡和一大群人在一起,今天，我的心彷彿在狂奔。我感覺不太好，我想我只需要一個人待著。,感受到您的感受是完全正常的，我理解並願意提供幫助。您認為這是由什麼特定原因引起的嗎？,我很抱歉這件事發生在你身上。這是最近發生的還是不久前發生的？,感到焦慮和完全可以理解是可以的。我只需要知道您最近是否試圖回憶過去的事件並發現它令人痛苦？,感到焦慮和完全可以理解是可以的。我只需要知道您最近是否試圖回憶過去的事件並發現它令人痛苦？,你做得很好，我想幫助你感覺更好，並試著了解你的情況。可以多問一些問題嗎？,我完全理解你的感受，這一定很難。如果我可以問，你是否覺得你已經向某人表達了以下任何情緒：,,,,,,,我很好！這是美好的一天！,我真高興。我現在擁有我想要的一切。,我心情這麼好。我覺得今天很幸運,,,,,我認為您可以從這些協議中的任何一個中受益，讓您感覺自己是最好的自己。請告訴我您想嘗試哪一種。,我認為這對你有好處，我是來幫忙的。請嘗試現在完成此操作，完成後，按“繼續”。,你在這方面做得很好。接受這個協議後你感覺如何？,我很高興你感覺好多了，我覺得這很棒！您想嘗試其他協議嗎？,我很抱歉你感覺更糟。也許我們應該坐下來嘗試另一種可能對您更有益的協議？
女性,40-49,,,,,,,,,,,,,,,,,,,,,,,,,,,,,,,我今天感覺很緊張。,我今天感覺不輕鬆，很緊張。,我今天感覺很緊張，對我的皮膚不舒服。,你目前的焦慮是否是由你所知道的特別的事情引起的？,我知道了。你能告訴我這種焦慮的原因是前一段時間發生的還是最近發生的？,您最近是否採取了協議6，並覺得這引發了焦慮感？,您最近是否採取了協議11，並覺得這引發了焦慮感？,我非常感謝您對我迄今為止的問題的回答。我將通過一些查詢運行我必須充分了解您的情況。,最近你的焦慮是否導致你對其他人有以下不受歡迎的情緒：,,,,,,,我今天感覺輕鬆自在,我今天感到控制和平靜,我今天感到滿足和高興,,,,,我現在給你一些建議。我很樂意讓您決定要使用哪種協議。,當您準備好時，我希望您閱讀並嘗試該協議。一旦您對此感到滿意，請隨時選擇“繼續”。,遵循協議後，您現在感覺如何，您的情緒是否有所改善，或者您是否感到不自在？,非常好。正如您暗示的那樣，您感覺心情更好，您想繼續執行另一個協議嗎？,這不好，但我們仍然可以修復它。正如您所暗示的那樣，您在使用該方案後感覺並沒有好轉，您想嘗試不同的方案，看看效果如何嗎？
男性,40-49,,,,,,,,,,,,,,,,,,,,,,,,,,,,,,,我好多了。我正在等待我的測試結果，我對結果感到緊張。,我感覺不太好。我媽媽昨天進了醫院，我在等一個電話告訴我發生了什麼。,我對這裡的政治局勢感到壓力和焦慮。,我很抱歉聽到這個。有什麼特別讓你有這種感覺的嗎？,你介意告訴我這件事是什麼時候發生的，是最近發生的還是遙遠的？,有時人們在嘗試協議6 時可能會受到不利影響。您最近是否嘗試過使用協議6 並發現這種體驗令人痛苦？,有時人們在嘗試協議11 時會受到不利影響。您最近是否嘗試過使用協議6 並發現這種體驗令人痛苦？,謝謝你。我知道這並不總是那麼容易，但你能告訴我的任何事情都會幫助我更好地了解你的情況。你介意我再問你幾個問題嗎？,我們都會感受到情緒，有時會向他人表達情緒，有時這些情緒會非常強烈。您是否認為您對某人有過強烈的感受或表達過以下任何情緒：,,,,,,,再好不過了！昨晚我的彩票號碼出來了，我要辭職了。,我就放心了我的測試結果昨天回來了，我很清楚。,我很好謝謝。,,,,,我有一些我們可以嘗試的建議，但我認為我們最好嘗試您認為最合適的建議。請告訴我您希望我們嘗試哪種協議。,現在嘗試通過此協議可能對您有所幫助，如果可以請嘗試一下。完成後，您只需按“繼續”即可。,我希望協議有所幫助。你感覺好些了還是更糟了？,我很高興它有所幫助。你認為你可能喜歡做另一個協議嗎？,我很遺憾聽到。您想嘗試不同的協議嗎？
女性,50-59,,,,,,,,,,,,,,,,,,,,,,,,,,,,,,,今天下午去看牙醫，我感到很緊張！,我很焦慮，我的考試成績明天就出來了，我可能沒有達到我所希望的。,我感覺很糟糕，我最好的朋友收到了一些令人擔憂的健康消息！,我看得出你很著急。有沒有發生過讓你有這種感覺的事情？,這是最近發生的還是前一段時間發生的？,您最近是否嘗試過協議6 並發現您發現的情緒難以處理？,您最近是否嘗試過協議11 並發現您發現的情緒難以處理？,謝謝你與我分享這一切。如果您不介意，我現在要問您幾個問題，以便我進一步了解您的情況。,你能告訴我你是否曾經對其他人感受到或表現出強烈的這些情緒：,,,,,,,我感覺很棒！,我感覺自己站在世界之巔！,我感覺超級棒！,,,,,這是我推薦的。請隨意選擇您想嘗試的協議。,太好了，你為什麼不現在就來看看這個協議。完成後，請按“繼續”。,完成方案後，你能告訴我你感覺好些還是壞了？,太好了，我很高興它有所幫助。您想嘗試其他協議嗎？,很抱歉這沒有幫助。您想嘗試其他協議嗎？
男性,30-39,,,,,,,,,,,,,,,,,,,,,,,,,,,,,,,我對開始我的新工作感到緊張。我不確定我是否適合,我擔心我的績效評估，以及我是否做得足夠來獲得晉升。,我害怕在會議上出醜，我討厭公開演講。,我明白焦慮的感覺是可怕的。有什麼特別讓你有這種感覺的嗎？,這些感覺是由最近的事件引起的，還是由於更遙遠的事件而引起的？,我知道你過去發生的事情會帶來強烈的情緒。是否因為嘗試執行協議6 而重新點燃了這些感覺？,我知道你過去發生的事情會帶來強烈的情緒。是否因為嘗試執行第11 號協議而重新點燃了這些感覺？,謝謝你和我分享你的感受。為了了解您的情況，我現在想徵得您的同意，問您一些問題。,您是否覺得這些焦慮感可能是由對某人的任何其他情緒引起的，例如：,,,,,,,我感覺很棒，工作很棒！,很好，新房子看起來棒極了！,我很好，大部分情況下一切都很好。,,,,,我對協議有一些建議，可以幫助您解決問題。你想選擇你認為最適合你的嗎？,我了解此協議可能具有挑戰性，但請您嘗試完成它。如果您設法完成它，請按“繼續”，然後我會問您幾個後續問題。,謝謝，我知道這可能要求很高。該協議是否讓您感覺比以前更好或更糟？,這太妙了！嘗試另一種協議你會覺得舒服嗎？,我很抱歉聽到這個消息。你願意嘗試另一種協議嗎？
男性,25-29,,,,,,,,,,,,,,,,,,,,,,,,,,,,,,,我今天真的很緊張，我似乎無法擺脫這種恐懼感,我感覺不太好。我感到壓力很大，我很擔心，因為我不知道為什麼會有這種感覺。,我今天的心情真的很低落，我很害怕它不會好轉。,我知道你現在感覺不是最好的。你認為你的感受與任何特定事件有關嗎？,我知道談論這些事情可能很難，所以謝謝你對我敞開心扉。你想告訴我更多關於這件事是什麼時候發生的，是最近發生的事情還是過去發生的事情？,在某些情況下，協議6 可用於回顧特別創傷性事件，但這有時會引發麻煩的情緒反應。你之前有沒有使用過協議6，它有沒有讓你有任何無法控制的情緒？,在某些情況下，協議11 可用於回顧特別創傷性事件，但這有時會引發麻煩的情緒反應。您之前是否使用過協議11，它是否導致您有任何無法控制的情緒？,謝謝分享，我知道有時會很困難。我們可以多談談您目前的個人情況嗎？,當我們感覺不到自己時，有時我們可以將其發洩在我們周圍的人身上。您是否對生活中的任何人強烈感受到或表達了以下任何情緒：,,,,,,,我感覺很棒沒什麼好抱怨的,我感覺棒極了,我從未如此快樂,,,,,現在我們已經掌握了所有相關信息，我想向您推荐一些我認為會產生積極影響的協議。您可以選擇最能引起您共鳴的協議。,太好了，現在我希望您嘗試完成此協議。慢慢來，當你走到最後只需按“繼續”。,現在你已經完成了，讓我們談談你現在的感受。你覺得更積極還是更不積極？,太好了，這是朝著正確方向邁出的一步。我認為嘗試另一種協議是個好主意，你怎麼看？,如果您感覺更糟，請不要擔心，這可能會發生，但我們仍然可以解決它。我們要不要嘗試不同的協議，然後看看你感覺如何？
女性,40-49,,,,,,,,,,,,,,,,,,,,,,,,,,,,,,,今天不太好，著急,我很擔心,你問來幹什麼,我聽說你很焦慮。有沒有發生過的事情可能讓你有這種感覺？,我很遺憾聽到這個消息，希望你不介意在它發生時與我分享。是最近的還是遙遠的？,我想知道現在是否有什麼東西重新點燃了這種感覺。您是否嘗試過記住或重溫此事件並因此感到焦慮？,我想知道現在是否有什麼東西重新點燃了這種感覺。您是否嘗試過記住或重溫此事件並因此感到焦慮？,感謝你的分享。我想問你一些問題，以便我能多了解一點。,您能否與我分享您是否強烈感受到以下任何一種情緒：,,,,,,,我感覺很好謝謝！,超棒！,真的很好謝謝,,,,,我有一些建議可能對你有用。你能告訴我你想嘗試哪種協議嗎？,太好了，你現在可以試一試嗎？您只需要記住在完成後按“繼續”。,我想問你這是怎麼回事。它讓你感覺好些了嗎，還是產生了相反的效果？,您想看看其他人是否也有同樣的幫助嗎？,您想嘗試一些可能更合適的不同的東西嗎？
女性,30-39,,,,,,,,,,,,,,,,,,,,,,,,,,,,,,,我今天很焦慮。,我感覺不太好，我擔心面試。,我害怕有什麼不好的事情會發生在我身上。,我很抱歉你有這種感覺。我知道這可能很難談論，但是否有特定事件導致了這種情況？,它是最近發生的，還是過去的事件仍然影響著你？,通過嘗試協議6 來重溫創傷性事件會帶來消極和無法控制的情緒。您是否嘗試通過執行協議6 重新審視該事件並因此感到不舒服？,通過嘗試協議11 來重溫創傷性事件會帶來消極和無法控制的情緒。您是否嘗試通過執行協議11 重新審視該事件並因此感到不舒服？,謝謝你和我分享，你做得很好。你介意我再問你一些問題，以便我能更好地了解你的情況嗎？,對他人有強烈的情緒是很正常的，我不是來評判你的。您是否對他人感受到或表達了以下任何情緒：,,,,,,,我感覺很好，謝謝！,我今天過得很愉快，這裡沒有抱怨。,我做得很好，我的心情很好。,,,,,我想推荐一些我認為非常適合您的情況的協議。請選擇您要嘗試的協議。,當你準備好時，請開始這個協議。完成後，按“繼續”。,完成此協議後，您感覺如何，好還是壞？,我很高興協議能夠提供幫助。你想嘗試另一個嗎？,很抱歉，該協議無法幫助您。你想嘗試另一個嗎？
女性,50-59,,,,,,,,,,,,,,,,,,,,,,,,,,,,,,,我今天應付得不太好,我為自己的安全感到害怕,我很擔心我們的未來,有沒有什麼特別的事情你能回憶起來，可能會讓你有這種感覺？,這是很久以前的事件嗎？或者也許是最近發生在你身上的事情？,你是否嘗試過協議6 來回想這個事件，如果你有，記住這個事件是否會讓人精神崩潰？,你有沒有嘗試過協議11 來回想這個事件，如果你有，記住這個事件是否會讓人精神崩潰？,你的回答對我的理解很有幫助。我非常想了解更多，所以我還有幾個問題，如果你覺得可以嗎？,您是否對您認識的其他人強烈感受到或表達了以下任何情緒：,,,,,,,非常好,今天是個好日子,我很好,,,,,您可以選擇多種選擇，因此我有不止一個建議。也許您可以選擇一種您現在喜歡使用的協議。,既然您已經做出選擇，請遵循協議，我希望您會喜歡它。完成後，您將需要按“繼續”按鈕。,謝謝你。如果您能指出這項活動是否讓您感覺比開始前更好或更糟，那將非常有幫助。,這真的很好，做得很好。如果您願意，您可以選擇另一個協議進行工作。,很抱歉聽到它，通過它做得很好。如果您想嘗試其他協議，看看這是否更適合您，還有其他選擇。
男性,25-29,,,,,,,,,,,,,,,,,,,,,,,,,,,,,,,我感到不確定和恐懼。,我對今天不是很自信，有一種不好的感覺。,由於出現症狀，我必須進行新冠檢測，而且我擔心自己可能會呈陽性。,哦不，很遺憾聽到它。是不是發生了什麼事情觸發了這些感覺？,造成這種焦慮的原因，可能是這幾天發生的事情，還是感覺更遙遠了？,如果我可以問一下，最近對協議6 的嘗試是否觸發了這些感覺？,無論如何，如果我可以問一下，最近對協議11 的嘗試是否會觸發這些感覺？,我很高興你能夠對我敞開心扉。我希望我們能進一步深入研究這個問題。,除了你提到的這些感受之外，你最近的經歷也涉及到這些感受：,,,,,,,我感到活著和幸福。,我很積極也很感激。,我有一種同性戀的感覺，我對我所擁有的一切感到欣喜若狂。,,,,,我有幾個選項給你。請告訴我您認為哪種協議最適合您。,那太棒了。你能不能現在就遵循這個協議，完成後點擊“繼續”。,能否請您表達一下您在完成此協議後的感受？,太好了，我真的很高興！您是否也願意嘗試另一種協議？,您願意嘗試另一種可能效果更好的協議嗎？
女性,40-49,,,,,,,,,,,,,,,,,,,,,,,,,,,,,,,我感覺有點搖搖欲墜。,事情讓我很沮喪。,我還好，就是有點著急。,那可能很粗糙。你認為它可能與發生的事情有關嗎？,啊，我明白了。這是最近發生的事情還是前一陣子發生的事情？,有時不好的感覺可能會回來，因為發生了一些事情讓它們再次出現。您最近是否嘗試過協議6，並且無法將自己與過去所產生的負面情緒疏遠？,有時不好的感覺可能會回來，因為發生了一些事情讓它們再次出現。您最近是否嘗試過協議11，並且無法將自己與過去所產生的負面情緒疏遠？,我很高興你與我分享了這一點，它真的幫助我更好地理解。我現在想問一些更多的問題來繼續那段旅程。,感到焦慮也可能與其他情緒混合在一起，我想看看您是否認出此列表中的任何一種情緒，或者您是否對它們感到熟悉。您之前是否強烈體驗過以下任何一種情緒：,,,,,,,非常好。,一切都感覺很順利，很開心，謝謝！,我很好謝謝！,,,,,所以我有一些協議建議我認為對你很有效；這裡有一些建議，所以看看吧。您認為哪種協議適合您？,謝謝你。現在就開始研究這個協議，我們會看看它是否有幫助。完成後按“繼續”，我們將再談一些。,謝謝你這樣做。它是否有所作為，如果是這樣，您現在感覺好些了，還是更糟了？,這是一個好的開始。你想繼續我建議的另一個協議嗎？,很抱歉它現在不合適，我們可能需要嘗試一些想法才能找到我們的方法。你現在準備好嘗試另一個了嗎？
女性,30-39,,,,,,,,,,,,,,,,,,,,,,,,,,,,,,,我感覺不太好，我最近工作太辛苦，幾乎沒有時間照顧自己。,我今天感到很焦慮。我的待辦事項清單似乎越來越長，我工作的時間越來越長。,我感到害怕。我身體不太好，我害怕感染新冠。,得知您感到焦慮，我深表遺憾。是不是發生了什麼事情引發了這些焦慮情緒？,你能告訴我是什麼事件觸發了這些感覺，是最近的還是遙遠的過去？,謝謝你和我分享這個。請問，你最近有沒有討論過這個過去的事件或試圖重溫它，這可能讓你感到一些不適或帶來一些負面情緒嗎？,謝謝你和我分享這個。請問，你最近有沒有討論過這個過去的事件或試圖重溫它，這可能讓你感到一些不適或帶來一些負面情緒嗎？,我真的很感謝你和我分享你的感受。如果您覺得可以繼續，我想問您一些問題以進一步了解您的情況。,您過去是否曾對自己或他人表達或感受到以下任何負面情緒：,,,,,,,我感覺很棒我剛從一個小假期回來。,一切都很好。我在山上散步度過了愉快的一天。,我感覺很好。我現在正在讀一本好書。,,,,,我認為以下協議對您有益。您可以選擇您認為此時最適合您的那個。,請立即嘗試該協議。如果您願意繼續我們的談話，請按“繼續”。,,太棒了！你想嘗試另一種協議嗎？,我很遺憾聽到你感覺更糟。也許你想嘗試另一種協議？
男性,18-24,,,,,,,,,,,,,,,,,,,,,,,,,,,,,,,不是很好，老實說感覺有點緊張,只是擔心接下來的幾天,我現在腦子裡有很多事情，這讓我很焦慮,那真不幸。有沒有什麼特別的事情讓你有這種感覺？,這件事是最近發生的還是過去發生的？,你是否已經嘗試過重新審視這個事件卻發現這樣做會帶來強烈的負面情緒？,你是否已經嘗試過重新審視這個事件卻發現這樣做會帶來強烈的負面情緒？,感謝您與我分享這一點，我知道這樣的事情很難公開。我想提供幫助，為此，我需要詢問一些有關您的情況的問題。,謝謝你和我在一起。過去，您是否對某人有過以下任何一種情緒或行為：,,,,,,,還不錯，事情進展順利,我很好,我現在感到很幸福,,,,,根據你告訴我的，這裡有一些我們可以嘗試的協議。請選擇您現在想經歷的任何事情。,好的，讓我們試試這個。完成後，請按“繼續”。,完成協議後，您現在感覺如何，好還是壞？,太好了，很高興聽到這個消息！您想嘗試其他協議嗎？,我很抱歉聽到這個。您想嘗試不同的協議，看看它是否更有效？
女性,40-49,,,,,,,,,,,,,,,,,,,,,,,,,,,,,,,我今天感覺不是特別好的。我很焦慮，不知道為什麼。,我真的很害怕，因為我一會要去看牙醫。,我今天感覺很差。我很害怕失去工作。,有什麼特別的事情讓你有這種感覺嗎？,這是最近發生的事情還是過去發生的事情？,我明白你為什麼會感到焦慮。你認為嘗試協議6 會重新點燃這些難以控制的情緒嗎？,我明白你為什麼會感到焦慮。你認為嘗試協議11 會重新點燃這些難以控制的情緒嗎？,我真的很想幫忙。如果你不介意，我想再問一些問題。,您還記得最近您是否對某人有過強烈的感受或表達過以下任何一種情緒：,,,,,,,我感覺很棒謝謝你。,生活是美好的！,我對我的新夥伴感到非常高興和滿足。,,,,,以下是您今天可以嘗試的一些協議建議。我希望您選擇您想嘗試的協議。,請仔細閱讀協議，慢慢來。完成後，按“繼續”。,如果我可以問一下，您現在完成了協議，感覺如何？我希望你感覺好些，但如果你感覺更糟也沒關係，告訴我，我會盡力提供幫助。,很高興聽到。您想在感覺好些時嘗試另一種協議嗎？,這並不理想，但請不要放棄，有些協議有時會激起一些負面情緒，這是正常的。您想此時嘗試另一種協議嗎？
女性,30-39,,,,,,,,,,,,,,,,,,,,,,,,,,,,,,,我的焦慮感都無法衡量了。,我今天真的很累。,我的忍耐被用盡了。,如果你覺得分享很舒服，你能告訴我這種感覺是否來自發生的特定事情嗎？,這是最近發生的事情，還是過去的事情仍然在您的腦海中？,你最近有沒有嘗試過協議6 並發現它把所有那些不好的感覺都帶回來了？,您最近是否嘗試過協議11 並發現它讓所有那些不好的感覺回來了？,謝謝分享，我知道這對你來說不容易。如果可以，我想多談談你的情況，以便我了解你來自哪裡。,我希望你對你的處境有很多強烈的感受。您是否感受到以下任何一種情緒，無論是在內心還是向另一個人表達：,,,,,,,很放鬆,我很好謝謝。,我心情太好了。,,,,,我有一些建議給你。請查看並選擇您想嘗試的任何協議。,好的，您現在可以繼續嘗試。完成後，您可以按“繼續”。,該協議是否改變了您的感受，無論是好是壞？,那太棒了！你現在想試試另一個嗎？,你想用不同的方式再試一次嗎？
男性,60-69,,,,,,,,,,,,,,,,,,,,,,,,,,,,,,,我今天感到壓力很大，因為我有一個截止日期要滿足。,我擔心我們國家的疫情的發展方向以及政府最近做出的決定，並擔心我會感染該病毒。,我很擔心我年邁的父親的健康。,我希望你能應付。你介意我問你是否有特定的事件或問題引起了你的焦慮？,這個事件是最近發生的還是你已經想了一段時間了？,我意識到克服過去的消極想法可能很困難。最近嘗試協議6 是否讓您回憶起這個事件，從而使您記憶猶新，並讓您感到焦慮？,我意識到克服過去的消極想法可能很困難。最近嘗試了協議11 是否讓您想起了這件事，從而使您記憶猶新，並讓您感到焦慮？,我非常樂意傾聽您的擔憂並與我分享您的感受。你願意多說幾句，以便我給你提供一些有用的建議嗎？,有時，焦慮可能會導致對他人缺乏信任、對他人感到憤怒或想要報復。您是否覺得您的焦慮可能導致您感受到以下任何其他情緒：,,,,,,,我今天對我的股票市場投資組合表現特別滿意。,今天天氣很好，我們在公園裡悠閒地散步。,我的足球隊今天贏了，這總是讓我心情愉快。,,,,,我肯定會推薦各種協議。請選擇您認為最適合您的那一項。,,你現在感覺怎麼樣？我希望它對你有用。,真是太好聽了。您想繼續並選擇另一個協議嗎？,很抱歉它沒有為您解決，但是我可以推薦其他選擇。你想嘗試另一個嗎？
男性,25-29,,,,,,,,,,,,,,,,,,,,,,,,,,,,,,,我今天感到非常緊張和焦慮,老實說不太好，我剛剛驚恐發作,其實很害怕，我可能需要一些幫助,哦，那不好。這與發生的任何特定事件有關嗎？,好的，我明白了，請告訴我更多關於它的信息。這是什麼時候發生的，最近還是前一段時間？,協議6 可能會有很大幫助，但我知道它有時也會引起不必要的壓力。您最近是否嘗試過協議6，並在使用後發現自己太苦惱了？,協議11 可能有很大幫助，但我知道它有時也會引起不必要的壓力。您最近是否嘗試過第11 條協議，並在使用後發現自己太苦惱了嗎？,感謝您與我分享這一切。你介意我們繼續前進並一起解決這個問題嗎？,您最近是否對任何人有過以下強烈的感覺或情緒：,,,,,,,我過的不錯你近來怎樣？,感覺真棒,感覺從來沒有這麼好的,,,,,我想過什麼最適合你。如果您查看選項並告訴我您想嘗試哪種協議，那就太好了。,盡最大努力執行此協議，慢慢來。完成後，按“繼續”。,謝謝。接受此協議後，您感覺如何？我希望你現在感覺好多了，但如果你覺得自己感覺更糟，那也沒關係。,那太棒了！您想採用另一種協議嗎？,有這種感覺是完全正常的，你不是一個人。您想嘗試不同的協議，看看它是否能讓您感覺好些嗎？
女性,18-24,,,,,,,,,,,,,,,,,,,,,,,,,,,,,,,我感覺不太好，我很焦慮,我今天其實很著急,焦慮的,很抱歉你感覺不太好。有發生過什麼事情讓你有這種感覺嗎？,這是多久以前發生的，是最近發生的還是遙遠的？,協議6 有時會對人們產生相當負面的影響。您是否嘗試過協議6，它是否對您產生了負面影響？,協議11 有時會對人們產生相當負面的影響。您是否嘗試過協議11，它是否對您產生了負面影響？,非常感謝你告訴我。如果你不介意，我會問你幾個問題，這樣我才能更好地了解發生了什麼。,我現在要問你一些其他的負面情緒。你能告訴我你最近是否對某人有過以下情緒：,,,,,,,我感覺很棒謝謝！,很好，謝謝,我感覺很棒！,,,,,這些是我的建議。請告訴我您想嘗試哪種協議。,真棒！現在請您嘗試完成此協議並在完成後按“繼續”。,該協議是否讓您感覺更好或更糟？,那好極了！嘗試另一種協議會讓你感覺更好嗎？,我很抱歉聽到這個。您想嘗試另一種協議嗎？
男性,40-49,,,,,,,,,,,,,,,,,,,,,,,,,,,,,,,由於疫情，我感到焦慮,我感到害怕，我不知道為什麼,我實際上已經被情緒的動盪和極度的恐懼所淹沒,你有什麼事嗎？,我很抱歉聽到它。這是什麼時候發生的，最近還是前一段時間？,我知道這很難，所以感謝您與我分享。如果你嘗試過協議6，是否會重新點燃你這種不好的感覺？,我知道這很難，所以感謝您與我分享。如果您嘗試過協議11，是否會重新點燃您的這種不好的感覺？,我是來找你的，謝謝你與我分享。你介意我再問你幾個問題嗎？,你是否對別人有以下感覺：,,,,,,,我覺得很棒！,我感覺很棒！,我今天感到溫暖和模糊。,,,,,這是我想推薦的一些協議。隨意選擇您想嘗試的協議。,請現在就試一試。完成後，只需點擊“繼續”即可。,你現在感覺如何？我希望它有幫助。,好的！你也想嘗試不同的嗎？,很抱歉它對你不起作用。我們試試不同的怎麼樣？
女性,40-49,,,,,,,,,,,,,,,,,,,,,,,,,,,,,,,我今天感到非常焦慮。,我今天感到非常害怕。,今天，我既焦慮又害怕。,這是因為發生了什麼事情嗎？,這是什麼時候發生的，是最近還是前一段時間？,您是否嘗試過協議6 並且感覺過於強烈？,您是否嘗試過協議11 並且感覺過於強烈？,謝謝你。我現在想問一些問題，以便我了解您的情況。,您是否對某人有強烈的以下任何一種情緒：,,,,,,,我今天真的很開心。,今天，我真的很滿足。,今天，我感到快樂和滿足。,,,,,我可以推荐一些可能有幫助的協議。隨意從這些協議中選擇您喜歡的協議。,您現在可以試試這個協議，當您準備好繼續時，您可以選擇“繼續”。,該協議是否幫助您感覺更好，或者您感覺更糟？,我真的很高興你感覺好多了。也許您準備好嘗試另一種協議？,我很抱歉。如果您想嘗試另一個協議，可能有更好的協議嗎？
男性,25-29,,,,,,,,,,,,,,,,,,,,,,,,,,,,,,,,,,我想如果我們談談是什麼讓你有這種感覺可能會有所幫助。是不是某個特定的事件讓您感到苦惱？,好的，謝謝，我很高興你能很自在地談論這個。這個事件是最近還是前一段時間引起了你的焦慮？,處理過去的創傷真的很艱難，我很欣賞你的勇氣。請問您是否嘗試過協議6，但發現它太難了？,處理過去的創傷真的很艱難，我很欣賞你的勇氣。請問您是否嘗試過協議11，但發現它太難了？,我真的很感激你對我敞開心扉。如果你不介意的話，我還有一些問題。,每個人一整天都會處理很多情緒，並不是所有的情緒都是積極的。我想問你，你最近有沒有特別感受到以下任何一種情緒：,,,,,,,我感覺很好，謝謝你。,如果我嘗試過，感覺不會更好,我今天感覺很棒,,,,,我對一些協議有一些想法，我認為它們會真正使您受益。你想嘗試哪一個？,我認為你選擇了一個很好的，請盡力而為。完成後只需點擊“繼續”，我們就可以從上次停下的地方繼續。,現在，這樣做後立即感覺好轉或惡化是完全正常的。你說完成協議後的感受如何？,那太棒了。如果您有興趣，我還有一些協議也應該有所幫助？,這是完全正常的，儘管我當然希望這對您來說是一種更積極的體驗。我們再試一次怎麼樣？
男性,18-24,,,,,,,,,,,,,,,,,,,,,,,,,,,,,,,,,,是什麼讓你有這樣的感覺，如果你不介意告訴我，這是一個特定的事件嗎？,這是最近發生的，還是遙遠過去的記憶？,您是否嘗試過協議6 並發現它沒有一個好的結果？,您是否嘗試過協議11 並發現它沒有很好的結果？,謝謝。如果你允許的話，我現在想再問你一些問題。,您是否對一個或多個人有以下任何感受：,,,,,,,我真的感覺不錯,好的。你呢？,我今天感覺很棒,,,,,這裡有一些我認為可能對您有所幫助的協議建議。選擇您認為最好的協議,請嘗試在您自己的時間完成協議。完成後，請返回並點擊“繼續”，以便我們評估進展情況。,遵循協議後，您現在感覺好些了嗎？,好的。你想再做一個嗎？,啊，那不好，也許換個選擇會更好。你想再做一個嗎？
女性,50-59,,,,,,,,,,,,,,,,,,,,,,,,,,,,,,,我今天真的很焦慮，我不知道為什麼,我今天壓力很大，我在等一些測試結果,我對面試感到緊張,我看得出你很著急，我願意幫忙。是不是有什麼特別的東西導致了這種感覺？,我很抱歉聽到這個，我希望你不介意進一步詳細說明。這是最近發生的，還是在更遠的過去發生的？,我知道協議6 通常會觸發對過去的創傷事件重新產生焦慮感，所以在我推薦它之前，我想知道這是否發生在你身上。協議6 是您最近嘗試過的並且讓您感到焦慮的東西嗎？,我知道協議11 通常會觸發對過去的創傷事件重新產生焦慮感，所以在我推薦它之前，我想知道這是否發生在你身上。協議11 是您最近嘗試過的並且讓您感到焦慮的東西嗎？,感謝您信任我並與我分享您的感受。我可以問你一些問題嗎？我想更好地了解以幫助您。,有時我們會向他人反映嫉妒、貪婪、嫉妒、仇恨或惡意的感覺，過去的不信任會導致報復的想法，但請放心，所有這些情緒都是完全正常的。你認為你可能會感受到以下任何一種情緒：,,,,,,,謝謝你的提問，我今天真的很開心,我感覺很好謝謝你，非常滿意,我今天很開心，一切都很順利,,,,,我想如果我們能找到這些感覺的根源，我們會讓你感覺好很多。您認為您想嘗試以下任何協議嗎？看一看，讓我知道您是否想嘗試一些東西。,太好了，我很高興您願意嘗試一下，希望您會發現它很有幫助。請在準備好後仔細閱讀協議，如果完成後可以按“繼續”，那就太好了。,感謝您花時間完成協議。它讓你感覺如何——更好或更糟？,我很高興您發現這有幫助，並且您這樣做後感覺好一些。你認為你也會從另一個協議中受益嗎？,很抱歉這個練習讓你感覺更糟，有時不同的方法對不同的人更有效。您是否願意嘗試其他協議？
男性,30-39,,,,,,,,,,,,,,,,,,,,,,,,,,,,,,,有點害怕，昨天做了件丟人的事,我很緊張，我有點失去理智了。,我沒事，就是有點著急。我只想讓這一天結束。,有沒有發生過讓你有這種感覺的事情？,這是最近發生的還是很久以前發生的？,你有沒有嘗試過協議6，當你回憶過去的事情時，它有沒有讓你有任何不好的感覺？,您是否嘗試過協議11，並且在回憶過去的事情時是否讓您有任何不好的感覺？,非常感謝你。我現在想再問你一些問題，以幫助我了解你正在經歷的事情。,你對別人有沒有經歷過這些情緒：,,,,,,,真的很好，睡了一個好覺。,今天心情很好，期待下午。,挺不錯的朋友，一切都如意。,,,,,我有一些您可以嘗試的協議的建議。請選擇一項立即查看：,在你自己的時間，看看這個協議並嘗試完成它。完成後，您可以按“繼續”。,我想問您對協議的看法，以及它是否對您有幫助。你感覺好些了，還是真的讓你感覺更糟了？,你認為你想嘗試另一種協議嗎？,你覺得你想看看另一個協議嗎？
女性,40-49,,,,,,,,,,,,,,,,,,,,,,,,,,,,,,,我今天過得很糟糕我很擔心我的考試,我怕我不記得我學過的任何東西,我對考試很緊張,很抱歉你現在正在經歷這個。是否有任何特定事件導致了這種情況？我希望我能做些什麼來幫忙。,我知道這對你來說可能很難談論。我想問一下，是最近發生的事情還是前一段時間發生的事情？,有時，當我們通過某些協議並發現，正如我們所做的那樣，這些協議可以揭示負面情緒和體驗。你有沒有嘗試過協議6 但發現它太令人痛苦了？,有時，當我們通過某些協議並發現，正如我們所做的那樣，這些協議可以揭示負面情緒和體驗。你有沒有嘗試過協議11 但發現它太令人痛苦了？,感謝您分享這些感受，我理解這對您來說可能是一個艱難的過程。如果你沒問題，我想再問你一些問題，以幫助我更好地了解你的情況。,你說你有焦慮的感覺，不知道你是否還記得你是否對另一個人有過其他強烈的情緒。您是否認為以下任何一項可能適用於您最近的感受：,,,,,,,我很好,很好，謝謝，你呢？,今天心情好,,,,,我相信這些協議可能對您有益。看一看它們，然後告訴我您想嘗試哪一個。,仔細閱讀協議，請慢慢來，按照自己的節奏進行，不要著急。完成後，按“繼續”。,接受此協議後，您感覺如何，您認為它對您有幫助嗎？,我很高興協議對您有所幫助。您想嘗試其他協議嗎？,你認為通過另一個協議會有所幫助嗎？
女性,30-39,,,,,,,,,,,,,,,,,,,,,,,,,,,,,,,我今天感覺不太好。我的腦子在飛速運轉，我無法停止對所有事情的過度思考。,天哪，我今天不知為何感到很害怕。,我感覺有點像壞事要發生一樣，我無法停止思考,很抱歉聽到您有這種感覺，儘管有這種感覺也沒關係，您並不孤單。今天有什麼特別的事情讓你有這種感覺嗎？,我明白了，我想知道更多關於發生的事情。這是最近發生的還是不久前發生的事情？,協議6 確實可以喚起回憶，這取決於情況的好壞。您是否嘗試過協議6，它是否對您產生了負面影響？,協議11 確實可以帶回記憶，這取決於情況，可能是好是壞。您是否嘗試過協議11，它是否對您產生了負面影響？,到目前為止，您一直很棒，您的感受絕對有效，我知道重新審視或解決焦慮或過去的事件可能非常困難。可以問一些問題以了解您的情況嗎？,有時，我們會被負面情緒淹沒。你對某人有過這些情緒的經歷：,,,,,,,我感覺很厲害這是美好的一天。你好嗎？,很好，最近生活進展順利，我感到很平靜,我現在感覺很好。,,,,,根據你告訴我的，我選擇了一些可能對你有幫助的協議。您現在想嘗試一個協議嗎？如果是，請選擇它。,太好了，那我們繼續吧。盡最大努力完成後，請返回並按“繼續”。,做完這些後你感覺如何，你感覺好些了還是更糟了？,這真是個好消息。我們試試另一個，看看我們怎麼樣？,沒關係，並不是每個人在第一個之後都感覺更好。我們試試另一個，看看我們如何處理那個？
男性,40-49,,,,,,,,,,,,,,,,,,,,,,,,,,,,,,,我擔心我的孩子在學校,我擔心我目前的工作狀況,我一點都不正常，我的頭在旋轉，我感到有壓力,我很遺憾聽到你今天感覺不太好。是不是有什麼特別的事情讓你有這種感覺？,請幫助我進一步了解。這是最近發生的事件還是遙遠的過去？,您是否已經嘗試過協議6，但發現它不但沒有緩解您的焦慮，反而使情況變得更糟？,您是否已經嘗試過協議11，但發現它不但沒有緩解您的焦慮，反而使情況變得更糟？,很高興你分享了你的感受。我們可以進一步談談以幫助我了解我如何在您的情況下為您提供支持嗎？,很高興您已經認識到您目前的感受，讓我們看看我們是否可以識別其他一直困擾著您的負面情緒。您最近是否對任何人感到或表達過以下任何一種情況：,,,,,,,我不能更快樂,我覺得我今天已經實現了我想要的一切,我希望我每天都有這樣的感覺,,,,,以下是我對哪些協議最適合您的想法。請選擇您想嘗試的協議：,我希望你現在開始協議。然後當你完成時，只需按“繼續”。,完成協議後，您現在感覺如何？,那太棒了。您想嘗試附加協議嗎？,我很遺憾聽到你有這種感覺。您想嘗試其他協議嗎？
男性,50-59,,,,,,,,,,,,,,,,,,,,,,,,,,,,,,,我真的很著急，我的肚子在打結，我怕我的駕駛考試不及格。,不好，我害怕去看醫生，我覺得事情很嚴重。,我今天壓力很大，感覺隧道盡頭沒有光，我拖欠了抵押貸款。,哦，很遺憾聽到你感到焦慮。這種感覺是由你無法控制的事情引起的嗎？,這種感覺的原因是發生在你年輕的時候還是最近？,這些情緒是不是因為你偶然嘗試了協議6 而重新點燃了？,這些情緒是不是因為你偶然嘗試了協議11 而重新點燃了？,謝謝你。為了更清楚地了解你的情況，我想再問你一些問題。,您是否曾在任何時候對某人表達或感受到以下任何情緒：,,,,,,,我很高興馬贏了,完成了本週的工作，我感到很滿足，現在可以放鬆了,今天是個好日子我很健康,,,,,我有一些協議可以幫助你。您想選擇一款來嘗試嗎？,既然您已經選擇了您想嘗試的方法，請徹底檢查一遍。準備好後選擇“繼續”。,現在你已經嘗試了這個協議並走到了盡頭，你對你的情況感覺更好還是更糟？,您想嘗試另一種協議嗎？,也許我們需要更深入地了解您的情況。如果您願意，我們可以通過其他一些協議來工作。
男性,40-49,,,,,,,,,,,,,,,,,,,,,,,,,,,,,,,我擔心會有不好的事情發生,我害怕回家,我覺得我可能得了重病但不想看醫生,我意識到您對某事感到焦慮並希望提供幫助。你認為是不是有什麼具體的、已經發生的事情導致了這種感覺？,好的，大聲說出來是好的第一步。你能想出讓你有這種感覺的事件是最近發生的還是過去發生的？,很好，我相信你對協議6 很熟悉。你最近有沒有嘗試過協議6，如果有，當你想到這些過去的事件時，你是否覺得這帶來了一些難以處理的感覺?,很好，我相信你對協議11 很熟悉。你最近有沒有嘗試過協議11，如果你嘗試過，當你想到這些過去的事件時，你是否覺得這帶來了一些難以處理的感覺?,感謝您回答這些問題，我知道這對您來說可能很困難。我現在想繼續問你一些問題，以便更好地了解你此刻的感受。,我認為有時焦慮可能會帶來其他強烈的情緒。你能告訴我你是否對某人有過或表達過以下任何情緒：,,,,,,,我感覺很好，目前一切都挺好,我感覺很好，我在一段時間內第一次有一種很好的感覺,對目前的情況真的很滿意,,,,,我這裡有一些協議希望您查看，我認為它們可能對您有所幫助。您能否通讀一遍並告訴我您認為哪一種對您最有益，並且您想嘗試一下。,請通讀協議信息，當您覺得自己理解並準備開始時，請嘗試通過它。完成後，請按“繼續”。,沒關係。既然你已經完成了協議，你能說你比開始之前感覺好還是壞？,非常好。如您所知，列表中還有更多協議，您是否認為您可能想嘗試其他協議，看看情況如何？,這有時會發生，但這裡有更多協議可能對您更有效。你想嘗試另一個，看看它是否有幫助？
女性,25-29,,,,,,,,,,,,,,,,,,,,,,,,,,,,,,,緊張的,不舒服,害怕的,很抱歉聽到您今天感到焦慮，這對您來說一定很困難。你今天有這種感覺，有什麼特別的原因嗎，是不是發生了什麼事情？,感謝你的分享。你能告訴我這件事發生並引起你焦慮的事情是最近發生的還是遙遠的過去？我越了解，就越能支持你。,處理過去發生的事情可能很困難。你是否已經嘗試過協議6 來重新審視這個事件，但發現它太難和痛苦了？,處理過去發生的事情可能很困難。你是否已經嘗試過協議11 來重新審視這個事件，但發現它太難和痛苦了？,感謝您選擇與我分享您的感受。如果你覺得舒服，我可以再問你一些問題，看看我怎樣才能最好地支持你嗎？,情緒往往難以識別，我認為你做得很好。重要的是我們了解我們的情緒是從哪裡形成的，所以我想問你最近是否有過以下感受：,,,,,,,樂觀的,積極的,快樂,,,,,,現在請花一些時間來完成協議。準備好後，請回來，以便我們繼續。,在完成協議後，您能確定您現在的感受嗎？,太好了，謝謝你的時間。您想繼續使用另一個協議嗎？,很抱歉聽到你感覺更糟。您想繼續並執行另一個協議嗎？
男性,40-49,,,,,,,,,,,,,,,,,,,,,,,,,,,,,,,我感到非常焦慮。,我感到害怕。,不太好，老實說，我怕我搞砸了。,我很抱歉聽到這個，我可以聯繫。有沒有什麼特別的事情讓你有這種感覺？,這件讓你感到焦慮的事情——是最近發生的還是前一段時間發生的？,你最近有沒有想過這個事件，它是否給你帶來了一些令人不安的情緒？,你最近有沒有想過這個事件，它是否給你帶來了一些令人不安的情緒？,到目前為止，感謝您與我分享。如果可以，我想再問你一些問題，如果你沒問題的話。,請問您是否對某人有過或表達過以下任何情緒：,,,,,,,我感覺很好，謝謝。,不錯。今天心情很愉快。,我很高興也很滿足。,,,,,我們可以嘗試多種協議。您想探索以下哪些內容？,我很欣賞這可能是新的，但現在嘗試通過這個協議。完成後，按“繼續”按鈕。,感謝您嘗試該協議。如果您考慮一下服用前的感覺和現在的感覺，您會說您感覺更好還是更糟？,我很高興你發現它很有用。您想嘗試其他協議嗎？,我們可以嘗試其他協議。你願意接受嗎？
女性,40-49,,,,,,,,,,,,,,,,,,,,,,,,,,,,,,,今天一整天我都有一種可怕的感覺，覺得有什麼不好的事情即將發生。,我對很多事情感到擔心，我覺得我無能為力。,我需要完成的事情太多了，我敢肯定我會忘記一些重要的事情。,所以我可以幫助你減輕你的焦慮，你能想到可能導致它的具體事件嗎？,很高興您能夠識別出這一點。這是最近發生的事件還是前一段時間發生的事情？,你最近是否嘗試過協議6，你是否發現它激起了你覺得難以處理的情緒？,你最近有沒有嘗試過協議11，你是否發現它激起了你覺得難以處理的情緒？,謝謝你，你做得很好，和我分享這個。如果你沒問題，我想再問一些問題，以真正了解你正在經歷的事情。,稍後我將列出一些情緒。您是否對某人有強烈的以下任何情緒，甚至對他們採取行動：,,,,,,,今天對我來說是個好日子。,我今天真的很開心。,我今天過得很愉快，一切都很順利。,,,,,我有一些建議。如果可以，請告訴我您認為哪種協議今天最適合您？,請在準備好後儘快嘗試通過協議。完成後，只需按“繼續”。,感謝您的確認，我希望您不介意與我分享您在接受此協議後的感受。你覺得你感覺比以前更好還是更糟？,您想嘗試另一種協議，看看它是否也有效嗎？,很抱歉讓你感覺更糟。您是否準備好嘗試不同的協議，哪個可能更適合您？
男性,40-49,,,,,,,,,,,,,,,,,,,,,,,,,,,,,,,說實話，我有點焦慮和心急。,不太好，我腦子裡有很多事情讓我感到壓力山大。,我有更好的日子，我感覺不舒服，現在對事情感到焦慮。,哦，這很難，我們都去過那裡，所以我理解。有什麼特別的事情引起了你的感受嗎？別擔心，我們會努力解決的。,這是您一直擔心的事情，還是您想到的新事情？,,,好的謝謝。所以如果可以的話，讓我問一些問題，以嘗試更多地了解事情。,我知道當我感到焦慮或害怕時，我有時會不假思索地做出消極的反應；我想知道你是否也遇到過同樣的情況。如果我可以問，你會說你對某人有強烈的感受或表達過以下任何一種情緒嗎：,,,,,,,非常好,對我很好,我很好！,,,,,所以這就是我的建議，我很想知道您想選擇哪種協議。,試試這個協議，當你完成它時，按“繼續”。,你說你現在感覺如何，好還是壞？,很好，我很高興它正在工作。我們要不要試試另一個？,很抱歉這沒有幫助。我們要不要試試另一個？
女性,40-49,,,,,,,,,,,,,,,,,,,,,,,,,,,,,,,我感到非常不安。,我感覺很緊張。,我今天感到不安,,哦不，那一定很難。這是最近的還是遙遠的？,您是否嘗試過協議6，如果是，您是否覺得它引發了這些困難的感覺？,您是否嘗試過協議11，如果是，您是否覺得它引發了這些困難的感覺？,你敢於分享。我現在想再問一些問題，以便更好地了解情況。,您是否對他人有過以下任何負面情緒：,,,,,,,都好,很棒,我很好謝謝。,,,,,好的，這是我的建議。您可以選擇您認為現在最適合您的協議。,您可以在準備好後啟動協議。完成後，您可以按“繼續”。,接受這個協議後，你感覺如何？,你會很高興再做一次嗎？如果是這樣，我可以推薦不同的協議。,哦，那不好。你認為我們可以再試一次嗎，也許使用完全不同的協議？
女性,30-39,,,,,,,,,,,,,,,,,,,,,,,,,,,,,,,我覺得很煩。,我今天有種不好的預感。,我今天很緊張,有沒有發生在你身上的事情讓你有這種感覺？,這是最近發生的還是遙遠的事件？,您是否已經嘗試過協議6，如果是，您是否注意到它引發了創傷或不舒服的感覺？,您是否已經嘗試過協議11，如果是，您是否注意到它引發了創傷或不舒服的感覺？,謝謝你和我分享這個。現在，為了更好的理解，我想問一些更多的問題。,你最近有沒有對任何人有過以下強烈的感覺：,,,,,,,我開心極了！,我今天欣喜若狂。,我今天沒有抱怨。,,,,,如果你願意，我有一些我認為可以幫助你的建議。在以下協議中，您現在想嘗試其中一種嗎？如果是，請選擇它。,請試試這個。讓我知道它是否適合你，完成後，點擊繼續。,你說你服用後感覺好些了還是更糟了？我真的希望我希望協議對您有所幫助，但如果情況並非如此，請隨時告訴我。,優秀的！您想嘗試其他協議嗎？,您想嘗試不同的協議嗎？
女性,18-24,,,,,,,,,,,,,,,,,,,,,,,,,,,,,,,我今天感覺有點緊張。,我感到擔心和焦慮。,我今天一直感到害怕。,很抱歉你現在感到焦慮，我想盡我所能提供幫助。我希望你不介意我問，但有沒有特別發生的事情？,好的，有道理，謝謝你告訴我。這個事件是不久前發生的，還是最近發生的？,有時，重溫創傷性事件可能比它的價值更痛苦。你最近有沒有嘗試過重溫這個事件，但發現它太難了？,有時，重溫創傷性事件可能比它的價值更痛苦。你最近有沒有嘗試過重溫這個事件，但發現它太難了？,再次感謝您與我分享這個。如果你沒問題，我想再問一些問題，以便更清楚地了解正在發生的事情。,我知道你說你今天一直感到焦慮，所以我想知道你是否有其他負面情緒。這些情緒中的任何一種是您過去或現在感受到的：,,,,,,,我感覺好極了。,好久沒有這麼好的感覺了！,我今天感覺很開心。,,,,,我有一些我認為可能在這里工作的建議。請繼續看一看，您可以選擇您覺得最舒服的協議。,在您自己的時間繼續執行協議。完成後，請記住單擊“繼續”。,既然協議已經完成，你的感覺和之前的感覺有什麼不同嗎？,好的，很高興聽到。你想嘗試另一個嗎？,好的，別擔心，我們還有一些可能更適合您。你想嘗試不同的嗎？
男性,40-49,,,,,,,,,,,,,,,,,,,,,,,,,,,,,,,我感到緊張。,我感到有壓力。,我感到害怕。,有什麼事情讓你有這種感覺嗎？,這是因為最近發生的事情，還是因為你想起了更遙遠的過去？,您是否已經嘗試回想這件事，如果是這樣，是否讓您感覺更糟？,您是否已經嘗試回想這件事，如果是這樣，是否讓您感覺更糟？,感謝您與我分享。我可以再問你一些問題，希望我能幫助你處理這種負面情緒嗎？,這種情況是否讓您感受到任何特別消極的情緒，例如下面列出的情緒：,,,,,,,我感覺很好。,我感覺棒極了。,我感覺很棒。,,,,,這是我的建議。你想嘗試其中任何一個嗎？,請試試這個協議。完成後，按“繼續”。,做完這個協議後，你感覺如何？我希望它有所幫助。,我很高興這次會議很有幫助。您想嘗試另一種協議嗎？,我很遺憾聽到這次會議沒有幫助。您想嘗試另一種協議嗎？
女性,30-39,,,,,,,,,,,,,,,,,,,,,,,,,,,,,,,我對今天開始我的新工作感到有點焦慮。,我怕我的狗做不了手術。,我的心在狂跳，我感到緊張不安。,我能理解你的心情。在你的生活中，有沒有發生過什麼事情讓你產生了這種感覺？,我很抱歉發生在你身上，很難經歷一些痛苦的事情。這是最近發生的還是前一段時間發生的？,眾所周知，協議6 會對某些人產生負面影響，如果您最近嘗試過，我想知道它是否會導致您目前的情緒。您是否熟悉協議6，如果熟悉，您是否認為它可能會導致您的焦慮？,眾所周知，協議11 會對某些人產生負面影響，如果您最近嘗試過，我想知道它是否會導致您目前的情緒。您是否熟悉協議11，如果熟悉，您是否認為它可能導致您的焦慮？,感謝您與我分享，感謝您對我的信任。我想再問你幾個關於你的情況的問題，如果你沒問題的話。,有時我們會感到強烈的情緒，而這些情緒並不屬於我們；感受它們是可以的，但值得反思它們。您認為您最近是否可能對某人表達過以下任何負面情緒：,,,,,,,我很好！,我今天感覺很好。,我今天過得很好。,,,,,我們可以嘗試多種協議，我想找到最適合您的協議。讓我知道您更願意嘗試哪種協議。,在您完成此協議時，請嘗試將注意力集中在您自己和任務上。最後，按“繼續”按鈕。,歡迎回來！接受協議後你感覺如何？,我很高興你在完成最後一個協議後感覺好多了。你想嘗試另一個嗎？,並非每個協議都適用於所有人，沒關係，我建議不要放棄並重試。你想一起嘗試另一個嗎？
男性,25-29,,,,,,,,,,,,,,,,,,,,,,,,,,,,,,,有點緊張；我覺得我的老闆對我不滿意。,我還好，但我起晚了，不得不趕去上班。我希望我不會遇到麻煩。,我已經好多了，我很擔心，因為我今天早上起床時聽到了一聲響亮的“啪”聲，現在我的背部酸痛。,我很抱歉聽到它。是不是有什麼特別的事情讓你有這種感覺？,我希望你能談論它。這是最近引起您焦慮的事情還是過去很遙遠的事情？,謝謝，我想將協議6 作為您的可能建議，但我知道有時和在某些情況下它可能會令人不快。你有沒有嘗試過協議6，它對你來說是不是不愉快？,謝謝，我想將協議11 作為您可能的建議，但我知道有時和在某些情況下它可能會令人不快。你有沒有嘗試過協議11，它對你來說是不是不愉快？,謝謝你和我分享你的感受。現在，我想嘗試通過一些問題來更多地了解您的感受。,您是否發現您對生活中的人有強烈的負面情緒？這些可能包括：,,,,,,,好的謝謝你！我剛剛找到了我以為丟了的最喜歡的帽子。,我感覺很好，謝謝你的提問！我昨晚睡得很好。,太棒了，謝謝。我都忙於工作！,,,,,根據您與我分享的內容，我想推薦這些協議。請花一些時間考慮它們並選擇一個。,當您選擇了要嘗試的協議後，請開始該協議。完成後，您可以按“繼續”繼續。,謝謝，我想知道你現在感覺如何。您認為該協議有任何積極或消極影響嗎？,優秀的！在這種情況下，您想繼續使用另一個協議嗎？,我明白了，我很遺憾聽到這個消息。你覺得不同的協議可能有幫助嗎？
女性,30-39,,,,,,,,,,,,,,,,,,,,,,,,,,,,,,,我對考試真的很緊張,恐怕我不能按時完成所有這些工作,我害怕我所愛的人可能會發生不好的事情,感謝您讓我知道您的感受，我想幫助您克服這個問題並感覺更好。請問，您目前的感覺是由特定事件（或事件）引起的嗎？,我明白了，謝謝你澄清這一點。我想知道，這個事件是最近發生的，還是更遠的過去？,我覺得我可以向你建議協議6 來處理過去的事件，但我想確保它適合你。您過去是否嘗試過協議6 並發現它重新點燃了不舒服的情緒？,我覺得我可以向你建議協議11 來處理過去的事件，但我想確保它適合你。您過去是否嘗試過協議11 並發現它重新點燃了不舒服的情緒？,感謝您迄今為止分享的一切，我真的很感激。我現在想再問一些問題，以便更好地了解情況。,如果可能的話，我想知道您最近是否經歷過任何消極和難以處理的情緒。你能告訴我，你對你認識的人是否有強烈的感受或表達過以下任何情緒：,,,,,,,我今天很放鬆，是我的休息日,我很高興，因為昨天是我的生日，我收到了很多禮物,我男朋友最近對我很好，我很高興我們的關係重回正軌,,,,,請在下面找到我的建議。您可以選擇您喜歡的協議，它將顯示給您，以便您可以嘗試。,感謝您的選擇！如果您現在可以嘗試通過此協議，我將不勝感激。完成後，您可以返回並按“繼續”按鈕。,謝謝，希望對你有幫助。你能告訴我你在接受這個協議後感覺好些還是壞了？,哦，我真的很高興聽到它！您現在想嘗試另一種協議嗎？,聽到這個我真的很抱歉。如果您願意，我可以建議另一種可能有幫助的協議。
男性,18-24,,,,,,,,,,,,,,,,,,,,,,,,,,,,,,,目前我承受著很大的壓力。我現在正在處理家裡發生的很多事情。,我家有人感染了新冠病毒，我現在非常焦慮。,我很害怕。我不知道如果我這次考試不及格會發生什麼。,聽到這真的很難過，但有這種感覺也沒關係。是否有什麼特定的東西導致了這種感覺？,我在這兒陪你。這是什麼時候發生的，最近還是在更遠的過去？,我可以問一下，想想發生的事情對你來說是不是太痛苦了？,我可以問一下，想想發生的事情對你來說是不是太痛苦了？,感謝您分享這些信息並信任我。也許你現在可以幫助我更清楚地了解情況。,有沒有向任何人表達過這種感覺：,,,,,,,實際上我做得很好。謝謝。,好多了。現在有很多值得感激的地方。,世界頂級！,,,,,考慮到您的情況，我想為您推薦這些協議。請讓我知道您希望從哪個協議開始。,如果你能通過這個協議，我會很高興的。完成後，您可以按“繼續”。,你現在感覺如何，這是否有助於讓你感覺更好，或者不是真的？,很高興聽您這麼說。您還想嘗試其他協議嗎？,沒關係。你想嘗試另一種協議嗎？
男性,60-69,,,,,,,,,,,,,,,,,,,,,,,,,,,,,,,我感到有點壓力。,我今天真的很緊張。,我一點也不對。我實在應付不過來。,我很抱歉聽到這個。發生了什麼？有什麼特別讓你不安的事情嗎？,這是最近發生的，還是已經在你腦海中盤旋了一段時間的事情？,協議6 有時會讓人們感到不安，所以我想知道您是否遇到過這種情況。協議6 是否是您嘗試過並因此感到不安的東西？,協議11 有時會讓人們感到不安，所以我想知道您是否遇到過這種情況。協議6 是否是您嘗試過並因此感到不安的東西？,感謝您的分享，它幫助我了解您所經歷的一切。我將再問幾個問題，以找出幫助您度過難關的最佳方法。,我想問你一些我們並不引以為豪的感覺，但是當我們感覺不舒服時，有時對他人的負面情緒會留在我們的腦海中。最近有任何這些情緒困擾著你：,,,,,,,我感覺自己站在世界之巔。,這些天事情正在按我的方式進行。,我充滿了春天的歡樂。,,,,,我有一些想法可能會有所幫助。您可以選擇要跟隨哪個。,太好了，當你準備好時，你可以通過這個協議。完成後，按“繼續”。,該協議是否讓您感覺更好，還是產生了相反的效果？,我很高興這有幫助。您也想嘗試另一種協議嗎？,很遺憾，一個不適合你，但我們會找到一個有效的協議。還有其他可能更適合您的協議，您想嘗試一個嗎？
男性,30-39,,,,,,,,,,,,,,,,,,,,,,,,,,,,,,,我怕我女朋友要離開我,我不知道這個月我將如何處理所有事情,我對自己的職業感到焦慮，不知道大流行結束後我會做什麼,我很遺憾聽到你有這種感覺。如果您不介意，我想問您這是否是由特定原因引起的。,我明白，我很遺憾聽到這個消息。請問這感覺是最近發生的事情，還是對過去更遙遠的事情的記憶？,協議6 可能對您的情況有所幫助，但它並不適合所有人，因此我想了解它是否適​​合您。您是否已經在過去執行了協議6，並發現它由於舊事件而重新點燃了無法控制的情緒？,協議11 可能對您的情況有所幫助，但它並不適合所有人，因此我想了解它是否適​​合您。您過去是否已經使用過協議11，並發現它因舊事件而重新點燃了無法控制的情緒？,感謝您迄今為止的開放態度。我現在想繼續提出更多問題，以便我能夠更好地理解和幫助您。,請問最近幾天，您是否對生活中的某個人有以下強烈的感受或表達：,,,,,,,我對我的新公寓和它的位置很滿意,我很高興我的老闆選擇了我參加升職,我今天感覺很棒，謝謝你的提問,,,,,如果您覺得合適，我想推薦以下協議。您可以選擇您喜歡的一種來查看其內容。,如果您現在可以嘗試選擇的協議，我將不勝感激。準備好後，返回並按“繼續”。,感謝您確認您已接受此協議，我希望這對您來說是一次積極的體驗。請問您現在感覺比開始協議之前好還是不好？,這是個好消息，謝謝你讓我知道。您現在想嘗試另一種協議嗎？,哦，我很遺憾聽到它，有時通過協議會帶回不舒服的回憶，我知道這可能很艱難。您想用不同的協議再試一次嗎？
男性,40-49,,,,,,,,,,,,,,,,,,,,,,,,,,,,,,,我怕我得了癌症,我最近對離開家感到焦慮和害怕。這種長時間的隔離對我不利,不太好，感覺快要窒息了,好吧，我想知道是什麼讓你有這種感覺。有沒有發生什麼讓你感到焦慮的事情？,這是最近發生的還是不久前發生的？,您最近是否嘗試過協議6？這是否帶來了不舒服的回憶，讓你感到不知所措？,您最近是否嘗試過協議11？這是否帶來了不舒服的回憶，讓你感到不知所措？,感謝您與我分享這一點，我很感激這對您來說既艱難又令人沮喪。我可以問幾個問題來幫助我了解發生了什麼嗎？,您是否會說您曾經對某人有以下任何情緒，和/或表達過它們：,,,,,,,我感覺很好，我對我現在的處境感到滿意,我感覺很好，生活很好,我今天對自己感到很滿足,,,,,我認為這些協議之一可能會對您有所幫助。您想嘗試哪種協議？,試試這個協議，完成後按“繼續”。,你認為這讓你感覺更好還是讓你感覺更糟？,您想嘗試另一種協議，看看它是否也能讓您感覺更好嗎？,嘗試不同的協議，看看是否能讓你感覺更好呢？
女性,18-24,,,,,,,,,,,,,,,,,,,,,,,,,,,,,,,我今天很焦慮，我要考駕照。,我今天很焦慮，一切都感覺很壓倒性。,我今天很緊張，因為我有一個大考試。,,,,,,,你認為你有責任救出自己以外的人嗎？,您認為是否有任何外部因素可能會影響您的感受，例如其他人的行為、言語或行為？,你認為你可能是在試圖掌管別人嗎？,是否有可能您總是為出錯的事情責備自己，即使它們不一定是您的錯？,與人交談時，您認為自己善於傾聽和理解他們的觀點嗎？,你個人現在是否正在經歷一段艱難的時期？,我今天感覺很好，我通過了考試！,今天能見到我的家人，我感到很興奮。,我期待著和我的朋友出去吃飯。,我很高興聽到這個！你想讓我推荐一個協議來進一步增強你的積極性嗎？,非常感謝你與我分享。從您的回答來看，您感覺{} 聽起來對嗎？,我很抱歉造成誤解。你能告訴我這些情緒中的哪一種符合你的感受嗎？,感謝您今天的合作，我很感激。回頭見！,,,,,
女性,30-39,,,,,,,,,,,,,,,,,,,,,,,,,,,,,,,我害怕死亡，有時我只是徹夜難眠，想著生命的荒謬,我真的很擔心我的外表，有些日子我寧願根本不出門,我怕我會失業，下個月付不起房租,,,,,,,如果可以的話，我想調查一下，找出你焦慮的根源。您是否通常將自己視為救援者，肩負著將他人從自己的問題和不幸中拯救出來的任務？,我明白了，謝謝，那麼或許我們應該去別處尋找這種焦慮的根源。你會說現在有人在傷害你，強迫你做你不想做的事情或讓你受苦嗎？,沒關係，謝謝你讓我知道。難不成你就是想控制別人的人？有時，當我們自己經歷痛苦時，我們可能會這樣做。,我明白了，那很好，謝謝。最近，你是不是總發現事情沒有按計劃進行時，總是把責任推到自己身上？,我想問問你現在的思維模式，如果可以的話。一般來說，你認為自己是一個不帶偏見地傾聽他人意見的人嗎？,為了讓我能夠幫助您，我需要知道您的生活中是否正在發生重大事件。你覺得你現在過得特別困難，無論是在工作中，在家裡還是和朋友在一起？,我今天感覺很好,這是一個如此美好的晴天,我今天比上週快樂多了,哦，真是太好聽了！如果您願意，我想推荐一個符合您當前感覺的協議。,明白了，謝謝從你告訴我的情況來看，我會說你現在感覺{}，這聽起來對嗎？,哦，真的很抱歉，我當時一定是誤會了。您能否通過從以下列表中選擇來告訴我您的感受：,非常感謝您今天抽出時間與我們合作，希望您喜歡我們的會議。我期待著下次見到你。,,,,,
男性,50-59,,,,,,,,,,,,,,,,,,,,,,,,,,,,,,,真的很糟糕- 真的很擔心，真的覺得可怕的事情總會發生,我今天的焦慮很嚴重，一點點事情都讓我擔心,可怕，感到害怕和神經質,,,,,,,謝謝你，我真的很感謝你的合作，我想我們應該花點時間看看是什麼讓你有這種感覺。我可以問一下，在你的生活中，你覺得以某種方式“拯救”別人是你的工作嗎？,謝謝，我現在想關注的是你對這種焦慮的感受。有沒有覺得你之所以有這種感覺是因為別人的所作所為？,謝謝，你可以直接說“不”或“是”，因為這有助於我更清楚地了解你的感受。在你的生活中，是否有一種關係讓你試圖對他們進行過多的控制？,謝謝，我想再問問你對這種焦慮的感受。你內心有沒有一個聲音對你說，這實際上完全取決於你，你應該為這種感覺負責，或者出現問題是你的錯？,現在讓我們來看看你的日常生活。當你與人交談時，當你談論事情時，當你發表意見時，你是否考慮過人們的不同觀點？,感謝您耐心回答這些問題，我想專注於您現在的真實情況。這種焦慮真的比我們所說的更糟糕嗎，你真的因為生活中正在發生的事情而痛苦嗎？,太棒了，真的太棒了,做得很好謝謝,真的很好,有這種感覺真好；我希望我們能抓住它並把它裝進瓶子裡。我可以推荐一個協議，它可以幫助增強您的感受。,謝謝你告訴我，我想確保我理解正確。我相信您有{} 的感覺，您能確認一下嗎？,哦，我很抱歉，我真的很感謝你告訴我我做錯了- 有時可能很難。你能給我一些幫助以確保我理解嗎？這是一個列表- 請讓我知道哪一個描述了您的感受：,非常感謝與我交談，我真的希望它做得很好。真的希望很快能再見到你！,,,,,
女性,40-49,,,,,,,,,,,,,,,,,,,,,,,,,,,,,,,老實說，我今天感到有點焦慮。我昨天見了一個朋友，現在他們被告知需要自我隔離。,很著急。我仍在等待我昨天參加的那次面試的回音。我知道我做得很好，但我上次也這麼認為，並沒有得到這份工作。,焦慮的！ ！我現在月經推遲了3 天，而且我從不遲到！,,,,,,,有時我們希望我們可以幫助或拯救我們周圍的每個人，即使以我們自己的幸福為代價。你最近有沒有特別想救人或救人？,你是否覺得事情不是你的錯，你已經做了你能做的，不應該受到責備，但別人是？,有時我們希望我們可以24/7 全天候為某人服務，但這也可能變成控制行為。您是否認為您可能對某人表現出控制性行為，或試圖接管他們生活的某些方面？,當出現問題時，您是否總是責備自己，希望自己做了不同的事情和/或挽救了這一天？,假設還有其他人以某種方式捲入這種情況，您是否嘗試從他們的角度考慮？,現在有什麼特別不舒服的地方嗎，你的生活中是否有重大問題？,好的！今天設法將我所有的任務從我的清單中核對出來。,我感覺很好，只剩下30 分鐘了，然後我就下班了整整兩個星期。,老實說，這將是我15 個月以來第一次見到我父親，這讓我很興奮。,好的！我有一些協議建議，希望能保持你的好心情。,我知道了。所以您感覺{}，對嗎？,哦，我的錯。那麼你說你今天的感覺如何？,今天真是謝謝你了。很快再見。,,,,,
男性,30-39,,,,,,,,,,,,,,,,,,,,,,,,,,,,,,,你為什麼這麼問我？,,,,,,,,,如果可以的話，我想調查一下，找出你焦慮的根源。您是否通常將自己視為救援者，肩負著將他人從自己的問題和不幸中拯救出來的任務？,你會說有人要為你的感受負責嗎？,您是否擔心無法知道或控制其他人將要做什麼？,你總是為出錯的事情負責嗎？,你能想到有人說過的話改變了你的想法嗎？,您是否在任何個人困難中掙扎（例如與親人或與朋友鬧翻）？,萬分謝意。你？,我其實是！,好事發生了,我看你是！如果可以的話，我想推荐一個協議。,謝謝你分享你的情緒。我認為您感覺{} 是否正確？,哦，對不起，我誤解了你的情緒。也許您可以將您當前的情緒描述為列表中的其中一種？,我非常感謝你的參與，希望我們能很快再次見面。,,,,,
女性,18-24,,,,,,,,,,,,,,,,,,,,,,,,,,,,,,,我做得不好，我的焦慮正在踢我的屁股。,我實際上感覺不太好，我的頭腦很模糊，我感到焦慮，我的直覺告訴我出了什麼問題。,我有壓力,,,,,,,你認為自己是別人唯一的希望嗎？,你覺得有人要怪你嗎？,您是否覺得需要控制事物或人來幫助緩解焦慮？,當事情出錯時，你是否總覺得是你自己的錯？,您是否正確考慮了可能以某種方式捲入這種情況的其他人的觀點和觀點？,您是否在任何人際關係或生活中遇到任何困難？,我很好謝謝。,我感覺很滿足。,我真的很欣喜若狂。,那太棒了！我碰巧有一個可以幫助最大化這些積極情緒的協議，你想看看嗎？,謝謝你。根據您所說的，我會說您感覺{}，我的假設是否正確？,我很抱歉。你實際感覺如何？你能從下面的列表中選擇它嗎？,非常感謝您參加本次會議，我非常感謝您的時間。一會兒見！,,,,,
男性,30-39,,,,,,,,,,,,,,,,,,,,,,,,,,,,,,,我今天很焦慮。,我很害怕我可能不會很好地通過考試,我對考試的題目感到焦慮,,,,,,,你相信你可以緩解人們的問題嗎？,你認為有人會因為你的感受而受到指責嗎？,你是否覺得你可能被視為控制欲強，甚至令人生畏？,你總是把自己的不幸歸咎於自己嗎？,每當別人向你提出意見時，你是否總是考慮他們的觀點？,您是否覺得自己正在經歷一些精神或社交方面的弱點和問題？,我很好。,我很震驚。,我很滿意。,這是可愛的！讓我給你一個你可以嘗試的協議。,我相信從您所說的一切中您感受到{}，這是否準確？,非常抱歉。請從以下情緒中選擇您的感受：,感謝您的參與。我們下次見面。,,,,,
男性,18-24,,,,,,,,,,,,,,,,,,,,,,,,,,,,,,,我有一種害怕一會坐飛機的感覺。我真的很怕坐飛機,我擔心破壞其中一台工作中的機器會產生什麼後果。我可能會丟掉工作！,我明天要考試，我真的很害怕我沒有做好充分的準備。我是一個完美主義者，所以這種對不了解一切的擔憂讓我感到恐懼,,,,,,,這是因為有一種對他人而不是自己的幸福負責的感覺造成的嗎？,在這種情況下，是否更像是一種被其他人做錯的感覺，導致了這些消極的想法？,您是否認為您正試圖影響您無法控制的某人或某事？,你是否覺得在經歷了一次消極的經歷後，你總是對自己太苛刻，而不是把一些責任推到你無法控制的事情上？,您是否覺得自己總是盡力傾聽他人的意見，並在談話中真正嘗試理解他們？,是否有什麼個人原因導致了這些負面想法？,我很好謝謝你，我剛剛收到一個好消息,太棒了，謝謝你，我正在準備和我喜歡的人約會,太好了，我的工作剛剛加薪,聽起來不錯。我有一個協議，你可以嘗試進一步改善這種感覺，信不信由你！,謝謝，如果我錯了，請糾正我。我說您現在感覺{} 是否正確？,對不起，有時很難知道某人在鍵盤後面的感受。相反，您介意從這個列表中選擇一種更適合您當前狀態的情緒嗎？,感謝您的參與，我真的很感激，您的努力非常寶貴。祝你有美好的一天！,,,,,
女性,40-49,,,,,,,,,,,,,,,,,,,,,,,,,,,,,,,我怕我的孩子受苦。他們發燒了,我怕我的孩子生病了,我擔心我的孩子可能感染了新冠,,,,,,,有時我們可能會覺得解決所有問題並幫助每個人是我們的工作。你認為你要為別人的幸福負責嗎？,您認為其他人的態度和/或行為會影響您的感受嗎？,你是否認為也許你是在試圖強迫別人？,會不會是你總是對自己太苛刻？,有時很容易被我們自己的觀點所迷惑。你通常對別人的觀點持開放態度嗎？,看起來你可能過得很艱難，請知道你可以和我談談。你的生活中有什麼特別令人痛苦的事情嗎？,好極了。謝謝你。,極好的。到目前為止，這是美好的一天！,這裡一切都很好。謝謝你的提問。,那太棒了現在，為了讓你感覺更好，我可以建議一個協議，你有興趣嗎？,聽起來您是{}，是嗎？,對不起，我一定是看錯了情況。請告訴我，你感覺如何？,謝謝你今天，我真的很感激。很快又趕上了。,,,,,
男性,30-39,,,,,,,,,,,,,,,,,,,,,,,,,,,,,,,我嚇得魂不附體，身體都不舒服了。,可怕，我真的很著急,,,,,,,,你通常把別人放在自己之前嗎？,謝謝你讓我知道。有人對你做了什麼嗎？,謝謝你。有人沒有按照你喜歡的方式做事嗎？,明白了，謝謝當事情出錯時，你是否總是責備自己，即使這不是你的錯？,謝謝你的回答。您是否曾經嘗試從不同的角度看待事物，嘗試將自己置於別人的位置？,我明白。您是否覺得自己的生活遇到了困難？,再好不過了！,其實還不錯！,不能抱怨，事情進展得很順利。,涼爽的！您想嘗試一種協議來增強這種感覺嗎？,謝謝你。如果我理解正確，您的感覺是{}，對嗎？,哦對不起。你能選擇你感受到哪種情緒，或者最接近它的一種情緒嗎？,感謝您今天的時間！希望早日收到你的消息！,,,,,
女性,40-49,,,,,,,,,,,,,,,,,,,,,,,,,,,,,,,我擔心我不會按時完成我的工作,我擔心我的工作不會達到足夠高的標準,我怕我不會通過考試,,,,,,,謝謝你。你有沒有想過你對某人有足夠的影響力，你可以或應該拯救他們？,謝謝你的回答。你是否覺得有人給你施加了不適當的壓力？,謝謝你。或許，您是否相信您正在對一個人施加不適當的壓力來獲得您所需要的結果？,沒關係，謝謝。你是否總是把情況看得太個人化，以至於你覺得對失敗負責，並認為這總是你的錯？,在過去的互動中，您是否相信自己一直在傾聽並聽到其他表達的意見？,您的個人生活中是否有任何事情對您所處的位置和目前的工作產生負面影響？,我很滿足我現在的情況,我對我的生活很滿意,我感謝我擁有的一切,為了保持內容的感覺，您可能對製定協議感興趣？,聽完您所說的，我了解到您的感受是{}，我的理解是否正確？,很抱歉我誤解了這一點。請問您從下面的列表中選擇更準確地反映您的感受的情緒嗎？,我非常感謝您所花費的時間以及您與我分享的所有內容。我希望很快能再次聯繫。,,,,,
男性,30-39,,,,,,,,,,,,,,,,,,,,,,,,,,,,,,,我擔心我的職業,,,,,,,,,你覺得你對另一個人或其他人完全負責嗎？,謝謝，我明白了。在您看來，您是否認為自己會因為自己的感受而責怪他人？,您是否認為您可能以某種方式控製或試圖控制另一個人？,當出現問題時，你是否總是承擔責任，即使它可能根本不是你的錯？,謝謝你。回想一下您進行過的其他對話，您是否認為自己充分聽取並考慮了其他人的觀點？,你覺得你現在正在經歷人生中的一段艱難時期嗎？,感覺真好,非常感謝您的提問,都好,聽到這個消息我很高興。您是否有興趣查看可以嘗試的協議？,明白了，謝謝分享。我認為您有{} 的感覺，我這樣說是否正確？,對此我感到非常抱歉。你能從下面的情緒中突出你現在真正感受到的情緒嗎？,我真的很感謝你的努力，謝謝你的參與。讓我們很快再談。,,,,,
女性,18-24,,,,,,,,,,,,,,,,,,,,,,,,,,,,,,,我感到害怕，因為我今天必須做演講,我真的很擔心我的求職面試,我很擔心我男朋友不理我的消息,,,,,,,謝謝你。如果您能夠拯救他人或幫助他們擺脫困境，您是否覺得自己的生活會更快樂？,謝謝，如果可以的話，我想問一個後續問題。我可以問你是否覺得其他人可能是你消極情緒的原因，而不是你自己的行為或行為？,我明白了，謝謝，我還有一個問題想問。你有沒有覺得生活中有些事情或人太難以預測了，並希望你能對它們有更多的控制？,謝謝，請注意，如果可以的話，讓我們進一步探索。有時事情可能會出錯或無法解決；當這種情況發生時，你是否覺得自己總是有錯？,現在，我希望您回想一下您與朋友、家人或同事的對話。你覺得你善於傾聽別人的意見，理解所有的觀點嗎？,請問您目前在生活中是否遇到了特別的困難或困難，可能會導致您過度擔心或痛苦？,我今天在公園散步時表現很好,我很高興因為我和我的朋友出去了,我今天感覺很好，因為我完成了我所有的工作,聽到這個消息我很高興！我可以建議一種可能有助於增強您的積極情緒的協議，確保您盡可能長時間地感覺良好。,從您的回复看來，您今天感覺{}，我說的對嗎？,哦不，我好像誤會了，我很抱歉。讓我再試一次：請看下面的列表，然後選擇哪種情緒最能代表您今天的感受。,今天到此結束，感謝您與我交談，我希望這次談話對您有所幫助。期待很快再次見到您。,,,,,
男性,18-24,,,,,,,,,,,,,,,,,,,,,,,,,,,,,,,我怕我女朋友出軌,我覺得我女朋友一直在騙我，這讓我很焦慮,我擔心我的女朋友可能有外遇,,,,,,,謝謝你。如果我問，你覺得你必須總是幫助別人嗎？,當你情緒低落時，你是否發現自己曾經責怪別人？,你有沒有覺得你在試圖控制別人？,當事情出錯時，您是否總是覺得要自責？,我明白。你覺得你可以傾聽別人的意見來幫助你度過難關嗎？,您是否正在經歷一些讓您感到疲倦或讓您感到壓力的事情？,我感覺很好,是的，我很好,我很好謝謝,很高興你很好。我可以給你一個協議，你可以嘗試讓這種良好的感覺產生更持久的影響嗎？,根據我們的討論，我認為您可能會感覺到{}，這聽起來對嗎？,對不起，我一定是誤會了。請從下面最能反映您感受的情緒中選擇一種。,感謝您今天的耐心等待。再見！,,,,,
男性,30-39,,,,,,,,,,,,,,,,,,,,,,,,,,,,,,,我很好，但我覺得我們可能會輸掉足球比賽,我不好，我恐懼對手,我很好，但我有一種奇怪的感覺，好像有什麼可怕的事情要發生在我身上,,,,,,,你可能認為在你目前的情況下你應該能夠拯救別人嗎？,你可能覺得自己是一個受害者，你是否覺得你的焦慮背後有人？,您是否有任何想法表明您可能希望對某個人有更多的控制權？,你是否總是傾向於為生活中的錯誤而責備自己？,你有沒有考慮過在之前的談話中呈現給你的其他觀點？,您是否有個人問題，例如與所愛的人有困難或與朋友分手？,我很好，謝謝你，感謝上帝賜予我生命,我很好，我不能抱怨,我很好，謝謝，上帝很好，生活很美好,那太好了。你能讓我沉迷於你可以嘗試增強感覺的協議嗎？,根據您告訴我的情況，您可能感覺{}，我這樣說是否正確？,請原諒我。在不引導你的情況下，請從我給你的清單中選擇你的感受。,我真的很想花時間感謝您成為如此出色的參與者。很高興能很快再次見到你。,,,,,
女性,50-59,,,,,,,,,,,,,,,,,,,,,,,,,,,,,,,我有些害怕，因為城裡所有的騷亂讓我擔心自己會出事，否則我將無法獲得食物和必需品。,我感覺有點壓力，因為我忘記付信用卡了。,我擔心我所做的一個項目，因為我擔心我可能犯了錯誤。,,,,,,,我了解您感到焦慮。你認為你的焦慮可能是因為你試圖拯救一個可能不需要拯救的人嗎？,您可能會因為將自己視為受害者而有這種感覺嗎？,我能理解焦慮是什麼感覺，有時焦慮會讓我們覺得某人沒有按照他們應該的方式行事。可能是你試圖控制某人，甚至沒有意識到嗎？,明白了，謝謝你是否認為，當出現問題時，你總是責怪自己？,我理解您的感受並且不想以任何方式冒犯您，但我確實需要詢問您如何與其他人及其想法打交道。在之前的討論中，您是否考慮過其他人關於這個問題和其他主題的觀點？,謝謝你對我敞開心扉，我真的很感激。請問您是否遇到與親人或朋友的一些問題，或者您是否處理過任何其他重大的痛苦事件？,我感覺很棒，謝謝，我剛剛被告知我被提名一個獎項。,我很好，謝謝，此刻對我的生活感到非常滿意- 我剛剛遇到了一個了不起的人。你今天感覺如何？,我今天很開心，我剛升職加薪。,我很高興聽到這個。我認為這將是嘗試可能讓您感覺更好的協議的最佳時機。,謝謝，我只是想確保我理解正確。我想您感覺{}，這聽起來對嗎？,哦不，我很抱歉。如果您不介意，請從此列表中選擇您的感受：,非常感謝您在本次會議上與我共度時光。我真的很期待很快見到你。,,,,,
男性,18-24,,,,,,,,,,,,,,,,,,,,,,,,,,,,,,,有點擔心。,有點緊張,十分緊張。,,,,,,,也許你給自己施加了太多的壓力來幫助別人。你覺得別人太依賴你了嗎？,那麼這樣的話，我想知道，也許你覺得你太依賴別人的認可了。你認為你的負面情緒部分是由他人造成的嗎？,你覺得對別人有任何責任嗎？你會說你試圖過多地影響他們的生活嗎？,也許你對自己太苛刻了。當出現問題時，您是否總是發現自己有錯？,當您與他人交談時，您通常會嘗試了解他們的觀點嗎？,最近發生了什麼可能影響你情緒的事情嗎？例如與某人的關係發生變化。,非常好,我很好，謝謝,我感覺很好,聽到這個消息我很高興！讓我們嘗試一個協議，看看我們是否可以繼續這樣做，你怎麼說？,謝謝，我只是想確保我們在同一頁面上。您認為{} 最能描述您現在的感受嗎？,我為我的誤會道歉。您認為以下哪一項最接近您目前的感受？,非常感謝您的時間和努力。祝你有美好的一天！,,,,,
女性,30-39,,,,,,,,,,,,,,,,,,,,,,,,,,,,,,,我今天真的很不舒服。等結果都快等瘋了！,今天醒來感覺不到自己，這讓我感到害怕。每當我有這種感覺時，總會發生一些不好的事情。,我們國家正在發生的搶搶劫事件讓我為我的生命和我所愛的人擔憂。,,,,,,,我想進一步調查一下是什麼造成了這種感覺。你認為你應該成為別人的救世主嗎？,好的，如果您能與我分享更多信息，我將不勝感激。你可能認為自己是受害者嗎？你會因為你的負面情緒而責怪別人嗎？,我明白了，謝謝你，讓我們繼續下一個問題，試圖找到你感受的根源。也許你覺得你在試圖控制某人？,好的謝謝。你會說你最近總是在責備自己，每次出了什麼問題嗎？,請告訴我，您通常容易參與對話並聽取他人意見嗎？,請記住這是一個安全的空間，我在這裡幫助您感覺更好。如果我問，您是否覺得您現在正在經歷個人危機（例如與親人相處困難或與朋友鬧翻）？,太陽出來了，我有一種感覺，這將是美好的一天！,今天，我欣喜若狂。我的結果是陰性的。,今天，我恰好是活著的最幸福的人。你知道為什麼？僅僅因為我已經讓它看到另一天。,那太棒了！我可以推荐一個您可以嘗試增強這種積極感覺的協議嗎？,感謝您通過分享您的感受來信任我。從你告訴我的情況來看，我相信你有{} 的感覺？,我很抱歉造成誤解。請從下面反映您感受的情緒中選擇一種來糾正我：,感謝您的合作和參與本次會議。期待很快見到你。,,,,,
男性,40-49,,,,,,,,,,,,,,,,,,,,,,,,,,,,,,,我感到壓力和焦慮,我感覺不太好，有焦慮,我只想離開這裡,,,,,,,很抱歉聽到您的麻煩，讓我們嘗試深入了解它。你相信你是在讓某人失望嗎？,你認為你有壞事嗎？,你想從某人身上得到特定的東西嗎？,當事情沒有按計劃進行時，你總是責備自己嗎？,你考慮過別人的想法嗎？,在您的生活中是否有一些特別令人痛苦的事情會影響您的感受？,很好,超級好,真的很好,我可以推荐一個協議來增強它嗎？,謝謝，如果我錯了，請原諒我。我相信您是{}，我的想法是否正確？,啊，我道歉。此列表中的哪種情緒最能描述您的經歷？,真的非常感謝你。我希望很快能見到你。,,,,,
女性,50-59,,,,,,,,,,,,,,,,,,,,,,,,,,,,,,,我感覺不太好，我有一種伴隨焦慮而來的下沉感。,我覺得可能會發生一些不好的事情，而且我擔心它會發生。,我真的感覺不是很好，我有一種恐懼的感覺在我的肚子裡。,,,,,,,如果你幫助別人，你認為對你有幫助嗎？,我想知道你是否覺得別人的行為讓你有這種感覺。你會因為你現在的感受而責怪別人嗎？,是否希望你能影響某人或某事？,很抱歉，您感覺不太好，我想知道您是否為此將責任歸咎於自己。你認為你總是為每一個問題責備自己嗎？,你會說你在和別人聊天的時候總是能考慮到別人的觀點和意見嗎？,我擔心你的感受。此刻您的生活中是否有特別艱難的時刻？,我感覺很好謝謝,一切順利，我很高興地說,謝謝你的提問，我的狀況挺好的,很高興聽到這個。我正在考慮一項可能會讓您感覺更好的協議，您想听更多嗎？,我想說您現在感覺{}，您認為這是對您當前心情的合理描述嗎？,我真的很抱歉我做錯了。也許以下情緒之一會更準確地描述它？,我很高興你能參加。我希望我們能盡快聯繫，再次感謝。,,,,,
男性,30-39,,,,,,,,,,,,,,,,,,,,,,,,,,,,,,,今天是漫長的一天，會議的進展讓我對我在這家公司的未來感到茫然,現在在搶劫襲擊後我的生活極度緊張,擔心我的測試結果會是什麼,,,,,,,我知道你現在正在經歷一個艱難的時刻，但請讓我調查一下，看看是否有更深層次的原因。你認為你可能有試圖拯救其他人的傾向嗎？,沒關係，謝謝。你會因為發生在你身上的事情而責怪任何人嗎？你認為自己是這一切的受害者嗎？,我很感激你對我敞開心扉。在這一切中，您是否看到自己試圖影響或控制他人的行為？,謝謝，你的情緒和感覺是有效的，我想了解更多。您是否總是覺得生活中的任何困境或問題都應該歸咎於您？,謝謝，我很欣賞你的誠實，在我看來你是一個非常開放的人，但是有時很容易過於執著於我們的信念，這會阻止我們作為個人成長。老實說，您是否覺得自己一直能夠接受其他人的觀點？,感謝您迄今為止分享的一切。如果我問您，您是否覺得自己正在經歷特別困難的情況，無論是與家人、朋友還是親人？,我做得很好，我得到了期待已久的晉升,這一天過得很好，我兒子拿到了冠軍,我感覺自己在世界之巔，這是我的結婚紀念日,,閱讀您告訴我的內容後，我相信您會感覺到{}，這是否足夠接近？,哦，對不起，我誤會了你。從列出的情緒中，您能否選擇最能定義您當前感受的情緒？,謝謝你，你很棒，很高興能一起解決這個問題。我希望你能很快回來。,,,,,
女性,18-24,,,,,,,,,,,,,,,,,,,,,,,,,,,,,,,我感到有點害怕,我感到很不安,我現在很擔心,,,,,,,很抱歉讓您感到焦慮，如果還有其他因素在起作用，我希望嘗試更好地理解。你現在的感覺是否是因為相信你應該在他們需要幫助的時候幫助他們？,我明白。你是否覺得別人有錯，就好像他們讓你有這種感覺一樣？,我明白。也許您生活中的某個人沒有按照您認為的那樣行事，而您可能正在鼓勵他們改變自己的方式？,我知道了。看看你自己，你會說你總是覺得有責任感還是在出現問題時責備自己？,在過去與朋友或親人的對話中，每當他們與您分享時，您是否總是考慮過他們的觀點？,如果這些問題聽起來有點私人，我深表歉意。您是否正在經歷某種個人危機或緊急情況，這是否是您情緒的原因？,我感到開心,我感到欣喜若狂,我對我的生活感到滿意,太棒了，我很高興聽到它。我可以推荐一種治療方案來增強您的積極情緒嗎？,謝謝你對我敞開心扉。我假設您感覺{} 是否正確？,我深表歉意。請從下面的列表中選擇最能描述您的感受的情緒：,我很感激你的參與。我希望很快能再次與你合作。,,,,,
男性,50-59,,,,,,,,,,,,,,,,,,,,,,,,,,,,,,,我害怕。我找不到我的兒子。,我很擔心，我的電話壞了。,我很害怕！一個瘋狂的斧頭殺人犯在我家。,,,,,,,你認為幫助別人是你的責任嗎？,你認為人們對你不公平嗎？,當有人做了你希望他們不會做的事情時，你真的很生氣嗎？,當出現問題時，您是否總是對自己感到難過？,你總是聽每個人和你說話嗎？,你覺得你現在可能正在經歷個人危機嗎？,我很好。,我很高興。,我太棒了。,極好的！ Dio 你認為你今天可能想嘗試一個協議？,我想您可能會感覺到{}，您認為這是真的嗎？,我很抱歉，我的錯。在您看來，您目前正在感受這些情緒中的哪些？,謝謝，你今天很棒。我希望我能很快見到你，再見！,,,,,
女性,30-39,,,,,,,,,,,,,,,,,,,,,,,,,,,,,,,我對自己的新冠檢測結果呈陽性感到擔憂和恐懼。,我感到不安和不安，我不明白為什麼。,我害怕在我的工作中不成功，感覺自己像個冒名頂替者。,,,,,,,您是否認為有時您會優先考慮其他人的問題並試圖拯救他們而不是處理自己的問題？,您是否認為自己可能會無意中發現自己將他人視為消極情緒的來源，並因此而覺得自己是受害者？,您認為在管理您的負面情緒時，您是否可能對生活中的某個人表現出控制性行為？,當出現問題時，您是否發現自己總是向內看，並指責和指責自己？,在過去的談話中，你是否認為你一直都充分考慮了別人提出的觀點？,您現在的個人生活中是否有任何事情造成了額外的壓力？,我太棒了，覺得我今天取得了很多成就。,我很高興我剛剛通過了考試。,我很高興，因為我剛被大學錄取。,很高興聽到！我可以給你看一個可能會增強你現在感覺的協議嗎？,聽你說，你好像感覺{}，我理解正確嗎？,對於誤會，我深表歉意。如果您可以在下方選擇一種真正反映您感受的情緒，那將非常有幫助。,非常感謝你的合作。我希望很快能在見到你。,,,,,
女性,18-24,,,,,,,,,,,,,,,,,,,,,,,,,,,,,,,我今天很焦慮。,我今天真的很緊張。,我腦子裡想了很多。,,,,,,,您是否覺得自己有責任幫助他人？,您是否覺得自己受到了他人行為的負面影響？,您是否認為您可能會試圖控制另一個人，無論您是否有意？,你是否發現你總是為出錯的事情責備自己，即使它們是你無法控制的？,老實說，您是否也考慮過他人因您的言行而可能會有的感受，並且您是否考慮過他們的觀點？,如果我問，您目前是否正在經歷一些可能導致您度過困難時期的個人問題？,我很好！,我感覺好極了。,我感謝我現在所處的位置。,那挺好的！如果您願意，我有一些協議建議可以幫助您感覺更好。,聽完您的擔憂後，我認為您的感覺是{}，這是真的嗎？,我很抱歉誤解了你的感受。請告訴我您的感受，以便我更好地理解。,非常感謝你向我敞開心扉，告訴我你的感受。我很高興我們可以進行這次聊天，如果您需要我，我會在這裡。,,,,,
男性,40-49,,,,,,,,,,,,,,,,,,,,,,,,,,,,,,,我感到焦慮,我感到害怕,目前感覺不太好，因為我有焦慮,,,,,,,你認為自己是一個同理心的人嗎，總是為他人著想對你來說很重要嗎？,你會說你的感受是因為別人嗎？,在你生命的這個階段，你覺得有必要控制任何人嗎？,當事情出錯時，你總是傾向於責備自己嗎？,老實說，你會說你有能力從別人的角度看問題嗎？,你在生活中經歷過任何個人創傷嗎？,我感覺很神奇！,我在世界之巔！,感覺很好謝謝！,那太棒了！如果你想听一聽，我仍然可以推荐一個可以幫助建立這種良好感覺的協議。,我想您可能會感覺到{}，您同意嗎？,很抱歉對於這個誤會。你會說你此刻的感受是什麼？,非常感謝您參與其中。我希望很快能見到你。,,,,,
男性,18-24,,,,,,,,,,,,,,,,,,,,,,,,,,,,,,,我今天真的感覺不像我自己，我感到害怕和害怕,我只是今天感覺不對，我有這種嚴重的焦慮,我昨晚因為焦慮而睡不著,,,,,,,聽到您感到焦慮，我很抱歉，我想嘗試找出您有這種感覺的原因。你有沒有覺得大部分時間你可能把別人放在自己之前？,好吧，這是可以理解的。你覺得別人是你這種感覺的原因嗎？,好的，謝謝你。你認為你經常負責生活中的人或事嗎？,好吧，沒關係。有了這樣的感覺，當事情不順心時，你是否發現自己總是自責或沮喪？,好的謝謝。在過去的談話中，你有沒有嘗試過從對方的角度看問題，試圖更好地理解情況？,謝謝你的坦率和誠實，我想確保你沒事。考慮到正在發生的一切，您的社交和個人福祉目前是否受到特別嚴重的影響？,我感覺真的很好！,我準備好了，我等不及要開始新的一天了！,今天將是美好的一天，我能感覺到,這真的很好，我很高興聽到它。如果你願意，我可以建議一個協議來提升你的情緒。,綜合你剛才告訴我的一切，我相信你今天感覺{}，你認為這樣說公平嗎？,對不起，也許我不是最擅長閱讀人的。如果你不介意我問一下，你今天感覺如何，你能從下面的列表中選擇你覺得最接近你當前心情的嗎？,感謝您的時間。我相信我們會再次穿越的！,,,,,
女性,40-49,,,,,,,,,,,,,,,,,,,,,,,,,,,,,,,我今天感到很擔心，因為我可能會失去工作。,今天心情很緊張，要去面試。,我今天感到很害怕，因為我必須上法庭。,,,,,,,我想讓你知道我完全理解這種感覺是什麼感覺，我接下來的問題可能會幫助我理解表面之下發生的事情。你認為你可以試圖成為別人的救援者嗎？,好的，讓我們進一步探討一下。你認為你可能會讓別人對你對自己的感覺負責，可能將自己視為受害者嗎？,謝謝你和我談論這個。另一種可能性是，您可能試圖控制他人以減少焦慮，您認為情況可能是這樣嗎？,謝謝你，如果你同意的話，我希望我們能深入挖掘一下。當事情沒有按照你想要的方式發展時，你認為你總是為此責備自己嗎？,你認為從另一個人的角度看事情對你有幫助嗎？,在您的個人生活中是否有任何事情讓您感到困難？,我今天感覺很好，陽光明媚，是美好的一天。,超好的！我有一份新工作了。,我今天感到非常高興。,我真的很高興你有這種感覺。我想我可以推荐一個可以讓你感覺更快樂的協議，你想听聽嗎？,我聽到的是您感覺{}，是嗎？,哦，對不起，我誤會了。請選擇您認同的情緒：,我們已經結束了會議，我要感謝您抽出時間與我一起解決這個問題。再見。,,,,,
男性,18-24,,,,,,,,,,,,,,,,,,,,,,,,,,,,,,,我今天感到害怕和不安。,老實說，我今天感到很焦慮。,我有點緊張。也許這只是我的焦慮。,,,,,,,我知道您現在感到有些不安和焦慮。你能告訴我更多關於你的感受嗎？您是否覺得需要幫助生活中的其他人以使自己感覺更好？,那就好，謝謝解答。我想問一下，如果您不介意，您是否覺得自己受到了傷害和/或其他人對您的負面情緒負責？,出於某種原因，想要控制生活中的事物或人是很常見的，尤其是當我們正在經歷一段艱難的時期並覺得沒有任何進展時。你有沒有可能試圖控制你認識的人？,您是否感覺到每當出現問題時，您總是傾向於責備和指責自己？,我希望你仔細思考並誠實地告訴我，如果你認為你最近一直在充分聽取其他人的建議，並認為值得採納這些建議。,雖然在生活中遇到一些困難是正常的，但與親人分手或與朋友鬧翻等重大事件有時會導致個人危機。你認為你現在可能正在經歷一場嚴重的危機嗎？,我感覺很好，我在我快樂的地方。,我做得很好，我今天感到很高興。,今天心情很好，好久沒有這麼開心了。,我很高興你心情很好。我可以向您推荐一個協議，您可以嘗試讓自己感覺更好！你怎麼認為？,根據你告訴我的內容，你似乎感覺{}，你認為這是準確的嗎？,對不起，也許我誤解了你的感受。我認為如果您能挑選出您認為最能代表您的情況的情感，那可能是最好的：,我要真誠地感謝您參與其中。我希望很快能見到你！,,,,,
女性,18-24,,,,,,,,,,,,,,,,,,,,,,,,,,,,,,,我過的不太好，我真的無法面對這一天。,不好。我害怕未來的不定。,我就是無法面對這一天。抱歉。我現在需要自己一個人。,,,,,,,你是否覺得你最近有一種強烈的幫助他人的願望，你可能會過度擴展自己，以至於影響到你自己的生活？,你覺得有人可能對你目前的感受負責嗎？,當您應該接受事物的現狀並允許事物流動時，您是否覺得您可能正在嘗試控制情況的結果？,你是否總是讓自己為發生的任何事情負責，並為任何失敗歸咎於自己？,一般來說，你認為你總是傾聽別人的觀點並註意他們為什麼做他們所做的事情嗎？,我想問你關於你生活中的事情的總體情況。現在，您是否覺得與朋友或家人有未解決的問題？,我感覺很棒,我很好，準備好迎接這一天了。,我很好謝謝！,太好了，我為你高興！我可以推荐一個協議供您嘗試嗎？,謝謝你。我說您感覺{} 是否正確？,哦，對不起。能否請您告訴我您的感受：,謝謝你今天和我分享。想談什麼就回來找我。,,,,,
男性,40-49,,,,,,,,,,,,,,,,,,,,,,,,,,,,,,,我今天感覺真的很不舒服，就像我一直被跟踪一樣。,心都快跳出來了，今天好著急,我今天心情不好，就像有什麼東西緊緊抓住我的心，擠壓著它,,,,,,,你相信你有能力在任何時候拯救每一個人嗎？,你認為別人對你的負面情緒有過錯嗎？,你相信你可以操縱別人嗎，即使那不是你的本意？,當事情沒有按照應有的方式發展時，您是否總是要受到責備？當事情出錯時，你會成為被指責的人嗎？,你有沒有想過其他人可能提出的建議，哪些現在對你有幫助？,最近您和另一個人之間是否有讓您感到不適或沮喪的事件？,我今天感覺好極了，沒有什麼可以讓我失望。,今天會很精彩,今天對我來說將是一個愉快的好日子，我感覺很棒！,很高興聽到你心情很好。我實際上有一個有益的協議，你可以試試。,感謝你的分享。我的印像是你今天是{}，這是正確的嗎？,抱歉，那我一定是弄錯了。請告訴我，您正在經歷以下哪種情緒？,謝謝，非常感謝您參加本次活動。我期待著在不久的將來見到你。,,,,,
女性,50-59,,,,,,,,,,,,,,,,,,,,,,,,,,,,,,,我擔心我會在發薪日之前用完錢。,我很焦慮，因為我需要解決一些家庭問題。,我怕我的貓生病。,,,,,,,您是否擔心並擔心讓別人更快樂是您的工作？,你有沒有可能覺得別人的行為讓你不開心，而不是你自己的過錯？,您是否認為您正處於試圖影響他人行為方式的位置？,當出現問題時，您可能總是認為自己有錯，您認為這是真的嗎？,有時很容易只看到爭論的一方面。您是否覺得自己總是以開放的心態進行對話？,我希望你能足夠信任我，如果你需要幫助，請告訴我。你覺得你現在正在經歷一段非常艱難的時期嗎？,我今天很高興，因為我明天放假。,今天發生了很多好事，所以我特別高興。,我肯定很滿足，因為我昨晚睡得很好。,太好了，您似乎朝著更快樂邁出了一大步！我們要不要一起選擇一個協議來保持這種狀態？,謝謝你，讓我仔細檢查一下你剛剛告訴我的。據我所知，您的感受是{}，準確嗎？,對不起，我拿錯了棍子的一端。如果你看這個列表，你可以指出你正在感受哪種情緒，那麼就不會有誤解。,我很高興我們能一起度過這段時光，希望對你有幫助。想多聊幾句的時候可以回來。,,,,,
男性,40-49,,,,,,,,,,,,,,,,,,,,,,,,,,,,,,,我想我會驚恐發作。,我很害怕今天得到結果。,我感到很焦慮，我認為我無法應付。,,,,,,,你認為至少你的一些焦慮可能是因為你有責任拯救別人嗎？,好的，謝謝你的回答。你認為你的負面情緒是由別人對你的行為引起的嗎？,您是否可能因為覺得別人做了您應該更多控制的事情而感到焦慮？,當事情出錯時，你總是認為是你自己的錯嗎？,請回想一下之前與其他人的對話。在你之前的談話中，你是否考慮過對方的觀點，即使他們與你自己的不同？,當人們的個人生活不順利時，人們變得焦慮是很常見的。您的個人生活是否比平時壓力更大（例如，與親人或朋友的問題）？,在世界之巔，伙計！,簡直不能更快樂。,事情進展得很順利，謝謝。,很高興聽到你感覺很好。你目前的幸福狀態真的會給你一個很好的基礎來嘗試一種協議，它可以幫助你鞏固和建立你生活中的積極因素，幫助你最大限度地發揮幸福的潛力，我們可以試試嗎？,感謝您的回答。在我看來，您現在是{}，該描述與您的感受相符嗎？,對不起，我真的很想了解你的感受。您能幫我從列表中選擇最符合您感受的選項嗎？,非常感謝您參加本次會議，我非常感謝您的時間和您提供的深思熟慮的意見，希望本次會議對您有所幫助。我期待很快再次見到你，保重。,,,,,
女性,40-49,,,,,,,,,,,,,,,,,,,,,,,,,,,,,,,我今天感覺不太好。我非常焦慮和不安。,不是很好。我擔心我的安全。,我想有人一直在跟踪我，我很害怕。,,,,,,,您是否認為您可能正在尋求改變某人而不是專注於自己？,有時我們可能會覺得其他人要為我們的感受負責。您認為現在有人正在引起您的焦慮嗎？,很難接受我們無法控制他人的想法或行為。你最近有沒有發現自己試圖控制某人？請放心，我不會因此評判你。,你認為你總是對自己很苛刻嗎？,您是否同意對同一主題的不同看法可以為我們打開其他可能性？,生活中是否有任何重大事件讓您感到焦慮？,我感覺很棒。,我現在很開心。,目前對我來說一切都很順利。,好的！如果您願意，讓我們通過協議來探索更多關於這些感受的信息。,如果我理解正確，您的感受是{}，這是否足夠準確地描述它？,我很抱歉。讓我們來看看這個列表，看看什麼最能反映你現在的感受。,很高興與您交談，感謝您抽出寶貴時間。暫時再見。,,,,,
男性,18-24,,,,,,,,,,,,,,,,,,,,,,,,,,,,,,,我不舒服。我正在為即將到來的考試感到壓力。,我很害怕，虐待我的前任試圖再次聯繫我。,我很緊張，我的課堂報告是明天，我討厭在人群面前演講。,,,,,,,我可以理解你現在的感受，並想看看這裡是否有更深層次的因素在起作用。你認為自己是那種想要或需要拯救他人的人嗎？,你是否覺得你現在的感受不應該歸咎於你，而某人或某事是原因？,您是否覺得您現在可能正在嘗試影響生活中的其他人？,當事情不順利時，您是否總是覺得自己將所有責任都歸咎於自己？,在與他人交談時，您是否覺得自己考慮了他們的意見？,我想知道你生活中的其他事情和人際關係現在進展如何。您目前是否正在經歷一個特別艱難的時期，或者正面臨重大問題？,我很好，謝謝！剛剛開始我的假期，很放鬆。,超棒！我的考試成績出爐了，我考得很好！,很好，能夠在周末探望家人，並與他們共進晚餐。,好的！如果您願意，我可以推荐一個協議來幫助您感覺更好。,根據您告訴我的情況，您感覺{} 是這樣嗎？,我很抱歉。如果可以，請從以下列表中選擇，告訴我您的感受：,謝謝，感謝您的合作。很快再見！,,,,,
女性,30-39,,,,,,,,,,,,,,,,,,,,,,,,,,,,,,,我今天有點著急，等待一些結果,我害怕我會失敗,我很擔心會發生什麼,,,,,,,謝謝你。您是否覺得其他人過於依賴您的支持？,謝謝你讓我知道。你認為別人的行為讓你有這種感覺嗎？,謝謝，我明白了。您是否發現自己想要引導他人的行為或行動朝著正確的方向發展？,我只想詢問您可能正在經歷的任何罪責感。你是不是總覺得一切都是你的錯？,我明白了，謝謝你，以及你如何與他人相處。你能不能坦率地說，你考慮到了別人的感受，仔細傾聽了他們對你說的話？,再次感謝您，我只是想確保一切正常。最近生活中有沒有讓你感到困擾的部分？,我很好，非常感謝，我度過了愉快的一天,我感覺棒極了，我剛剛減掉了一件衣服尺碼,當然，鍛煉後我感到精力充沛,太棒了，總是很高興聽到。你想讓我給你一個協議，讓你感覺更滿足嗎？,我覺得你今天感覺很{}，是嗎？,我很抱歉，我不是故意誤判的。你有這些情緒嗎？如果是這樣，請通過選擇它讓我知道：,非常感謝你跟我說話。我期待很快再次發言。,,,,,
男性,50-59,,,,,,,,,,,,,,,,,,,,,,,,,,,,,,,我今天感到壓力很大。我有太多太多的事情要做，但時間太少了。,我對接下來去看醫生感到焦慮。,我擔心我不會通過我的駕駛考試。,,,,,,,是不是您覺得有必要嘗試拯救他人，而這可能是您感到焦慮的根源？,是不是你覺得你的負面情緒可能要歸咎於其他人，這會導致你的焦慮？,謝謝你，我想幫助你感覺好些，因為我知道焦慮很難。您是否有可能試圖控制某人，這是否會導致您感到壓力很大？,我會盡力提供更多幫助，如果你覺得沒問題，因為我看到了你的痛苦。會不會是你對自己太苛刻了，出事時總是自責自責？,我想知道，您是否嘗試過仔細聆聽並考慮您所愛的人提出的其他觀點？,也許你的壓力源於你個人正在經歷的一些困難。您在與親人或朋友相處時遇到任何困難嗎？,我今天感覺很好，謝謝！,今天感覺很滿足，謝謝！,我今天感到非常幸福和感激，謝謝。,哦，我很高興聽到這個消息！感覺快樂/滿足是我們都想保持的東西，所以我可以推荐一個治療方案，你可以用來增強和保持這種積極的感覺嗎？,現在，我想澄清一下您的感受是{}，對嗎？,對於誤解您的實際感受，我深表歉意。請您從下面的情緒中選擇最能反映您的感受的情緒，以便我更好地理解它？,非常感謝您在本次會議期間的時間和合作。我期待很快的另一場會議。,,,,,
男性,40-49,,,,,,,,,,,,,,,,,,,,,,,,,,,,,,,我擔心我的工作,我的孩子生病了,我沒錢,,,,,,,你有時會覺得你是在試圖拯救每個人嗎？,你是否因為自己的感受而以任何方式責備他人？,你認為你的行為方式有可能被解釋為控制嗎？,您是否認為當事情不順利時，您可能總是在責備自己？,你是否總是傾聽生活中的人的意見，並在與他們交談時考慮他們對事情的看法？,謝謝，我想更多地了解您的總體感受。您目前是否有任何機會遇到個人困難？,太好了，我剛中了彩票,太好了，今天是我的生日,太棒了，我剛升職,這真是太棒了。你想嘗試一個協議嗎？,謝謝你。我的印像是你感覺{}，對嗎？,對於那個很抱歉。請閱讀以下情緒並選擇最適合您的感受：,我很高興你參加了今天的會議。一會兒再說。,,,,,
女性,30-39,,,,,,,,,,,,,,,,,,,,,,,,,,,,,,,我感到有點壓力，因為我必須在全校面前演講。,我確實感到有點焦慮，因為我即將做一些我以前從未做過的事情。,今天我有點害怕我今天晚些時候的考試成績不會有好成績。,,,,,,,您是否覺得自己必須成為他人的救星，還是他人總是期待您的幫助？,您是否覺得好像是其他人造成了您的負面情緒？,你是否感覺好像你需要控制別人，因為你覺得自己失去了控制？,你是否總是覺得你的負面感受或經歷是你自己的錯？,你總是願意聽取別人的建議嗎？,你現在有特別困難的時候嗎？你覺得你需要幫助嗎？,非常好。,我很好。,優秀的。,很好，讓我們找到一種方法來保持這種感覺！我可以推荐一個協議供您嘗試嗎？,您今天似乎感覺{}，這是否足以準確描述您的感受？,我很抱歉。您想通過自己選擇來幫助我了解您的感受嗎？,我很感激你和我一起度過了這段時間。我希望很快能見到你。,,,,,
男性,40-49,,,,,,,,,,,,,,,,,,,,,,,,,,,,,,,我現在無法回答，需要離開。,你問我這個乾嘛？,我非常擔心氣候變化,,,,,,,你認為你有什麼重要的東西可以提供給別人嗎？,你是否因為你覺得別人對你做過的事情而受傷？,你有沒有可能強迫別人，也許是你關心的人，按照你想要的方式行事？,當您認為事情不順利時，您是否覺得自己可能總是在無意中傷害自己？,回想起來，你是否一直試圖把自己放在別人的位置上？,在這個困難時期，您是否覺得您崇拜和關心的人不了解您正在經歷的事情？,生活很好。,活著真是神奇的一天！,又是美好的一天。,真是太好聽了！您想嘗試一種符合您心情的協議嗎？我希望它可以激勵你，讓你的一天更加明亮。,感謝您對我的信任並分享您的感受。如果我理解正確，您現在感覺{}，您會說這是真的嗎？,我的錯。你能通過從下面的列表中選擇正確的情緒來告訴我你的感受嗎？,感謝你今天勇敢地分享你的感受，我很感激。我期待我們的下一次會議。,,,,,
女性,18-24,,,,,,,,,,,,,,,,,,,,,,,,,,,,,,,我今天感覺很糟糕，我的焦慮來自屋頂。,太可怕了我做了一個非常可怕的夢，這讓我感到非常焦慮。,我沒事，只是對未來有些擔憂。,,,,,,,你覺得你想拯救別人並讓他們感覺更好嗎？,你是否覺得別人故意讓你感覺不好？,您最近是否發現自己想要更多地控制他人，或者希望您可以改變他們的行為？,你是否覺得你總是讓自己成為事情出錯的原因？,你會說你一直樂於聽取別人的意見嗎？,你生活中現在有沒有什麼大事讓你有這種感覺？,我今天感覺很棒！謝謝你。,今天是個好日子，你好嗎？,我今天感覺真好！,那太棒了！為了保持這種狀態，我可以向您展示一個您可以執行的協議嗎？,我可以看出您可能會感覺到{}，這準確嗎？,對不起。請從這個列表中選出你感受到的情緒，幫助我理解：,非常感謝您今天的誠實和努力，非常感謝。很快再見！,,,,,
女性,30-39,,,,,,,,,,,,,,,,,,,,,,,,,,,,,,,我不喜歡在人群中，這讓我真的很焦慮，有點害怕,我剛剛驚恐發作，感覺很糟糕,我顫抖著，有一種恐懼的感覺,,,,,,,你是不是總覺得必須把別人放在自己之前？,最近，你是否覺得人們“想要抓住你”？,您是否覺得對其他人負責，以至於您可能試圖改變或糾正他們的行為？,您是否總是覺得出現問題是您的錯？,你覺得別人的意見有道理，你聽他們的嗎？,你的生活中有什麼特別緊張的事情嗎？,充滿希望,興奮的,特別好,如果您有興趣，我認為您會喜歡的協議。,感謝您的開放和與我分享。你今天看起來像{}，你也會這麼說嗎？,對不起。請告訴我你的真實感受。,我真的很感謝你和我說話，談論一個人的感受需要勇氣。我期待與您再次交談！,,,,,
男性,60-69,,,,,,,,,,,,,,,,,,,,,,,,,,,,,,,我感到壓力和擔心，因為我的生意下降了,由於新冠病毒，我的健康狀況惡化，我非常擔心,由於一些財務問題，我感到非常焦慮,,,,,,,我知道您今天感覺不舒服，想進一步調查是什麼困擾著您。你有這種感覺是因為你試圖幫助你關心的人嗎？,有沒有人傷害過你，或者擔心過你，你是否因為他們給你帶來了這麼多麻煩而對他們感到不安？,也許你是想幫助太多，而這個人不會聽你的？,謝謝你。這裡沒有正確或錯誤的答案，探索事物是好的。當事情不像你想要的那樣發展時，你認為你總是要負責嗎？,你認為你已經足夠仔細地傾聽了別人一直試圖告訴你的事情嗎？,你現在一定很困難，所以我想知道有沒有什麼大事發生。在你的生活中，有沒有什麼事情感覺比平常更重要？,這是美好的一天，我感覺很棒。,昨晚我睡得很好，我感到平靜和休息，精神狀態最好。,我感覺很好，謝謝，你好嗎？,很高興看到你今天如此積極。我可以推荐一個適合您當前心情的協議嗎？,感謝您與我分享您的想法。我有一種感覺，你是{}，是這樣嗎？,抱歉，有時很難準確評估別人的感受。您想從這份清單中挑選出您正在感受的情緒嗎？,我要感謝您今天與我分享您的想法和感受。我真的很想很快再見到你，所以請你有空的時候過來看看。,,,,,
女性,40-49,,,,,,,,,,,,,,,,,,,,,,,,,,,,,,,謝謝你的提問，今天很困難，有點焦慮，它變成了恐懼,此刻焦慮和恐懼加劇了，謝謝你想我。,我繼續與我的焦慮作鬥爭，這是我內心不斷的恐懼,,,,,,,我真的很想更多地了解你此刻的生活。你是不是總覺得你必須在意或拯救別人？,好的我明白了。您是否在生活中感受到其他人的壓力，或以任何方式受到傷害？,您是否正在體驗一種控制感，例如想要控制某個情況或某個人？,當情況出現問題時，您是否覺得自己總是要承擔責任？,您是否完全了解您當前情況的另一面，您是否知道或曾經考慮過對他人的影響？,這是您目前生活中特別具有挑戰性的時期嗎？,再好不過了,再飛一次，謝天謝地,內容與我的很多,好的！我們可以看看一些現在可以嘗試的協議嗎？,感謝你的分享。我相信您是{}，我這樣說是否正確？,哦，對不起。那麼最好說你是：,非常感謝您無償地付出時間。我很快就會再見到你。,,,,,
男性,40-49,,,,,,,,,,,,,,,,,,,,,,,,,,,,,,,老實說，我今天感到壓力很大，我擔心我在面試中表現不佳，然後我又回到了原點。,不錯，謝謝，有點緊張，害怕我不會得到這份工作，只是跑掉了工廠的神經。,更好的伙伴，在這次重要的工作面試中壓力很大，我真的需要這份工作，我知道這對我來說是完美的。,,,,,,,首先，讓我告訴你，我完全理解你來自哪里以及擁有這些感覺是什麼感覺。我想知道，在你的內心深處，你認為總是把別人放在第一位是合理的還是健康的？,說別人經常對你的負面情緒和想法負責，你對此有些無能為力，是否公平？,是否可能是您潛意識地試圖引導或指導他人的行為？,你相信當事情沒有按計劃進行時你應該總是對自己嚴格嗎？,請幫助我理解，因為我想盡我所能支持你。你覺得你通常善於考慮別人的觀點嗎？,說您目前在個人生活中遇到困難的情況是否準確，例如與親人或朋友的關係？,我做得很好，謝謝你的提問！,很好，謝謝，你自己呢？,很長一段時間以來我第一次說我對事情感覺非常好。,這是一種很棒的感覺。我可以建議一個協議來幫助增強和保持良好的感覺，它可能真的有幫助嗎？,如果我理解正確，您會認為是{}，這是一個公平的評估嗎？,哦，糟糕，對不起；我誤解了信號。為避免進一步混淆，請從以下最能反映您當前感受的情緒中選擇：,您的參與非常寶貴，非常感謝您的參與。我希望很快能見到你。,,,,,
女性,50-59,,,,,,,,,,,,,,,,,,,,,,,,,,,,,,,我擔心進城,我擔心襲擊我的人會再次跟踪我,,,,,,,,您認為其他人會從您的幫助中受益嗎？,其他人可以為你的感受負責嗎？,你願意在人際關係中起帶頭作用嗎？,你是否總是承擔責任，即使這可能不是你的錯？,你通常會考慮其他人的考慮嗎？,你現在最親近的人有什麼重大問題或影響嗎？,升職了我感到很開心,一切都很美好謝謝,我很好，感覺很好,極好的！我有一個協議建議讓你感覺良好，你想看看嗎？,謝謝你。根據您告訴我的情況，我了解到您的感受是{}，您認為這或多或少地描述了您的感受嗎？,我道歉，我一定是誤會了。也許您可以從下面的列表中指出哪種情緒最能代表您的感受？,我非常感謝您在這方面花費的時間。我希望能再次見到你。,,,,,
女性,40-49,,,,,,,,,,,,,,,,,,,,,,,,,,,,,,,我現在感覺很緊張。,不太好，現在事情真的讓我感到不安。,,,,,,,,您是否認為有時您可能會覺得有必要幫助某人？,你是否有時覺得別人的行為是你感覺的原因？,您是否認為有時您會鼓勵人們按照您認為應該的方式行事？,你是否總是覺得你要為實際上不在你控制範圍內的事情負責？,你認為你很容易聽取與你不同的意見嗎？,你現在的生活中是否有一些事情讓你特別掙扎？,我感覺很好，謝謝！,太好了，我今天過得很愉快！,嗯，我現在過得很好，謝謝！,真是太棒了！我可以建議一個非常適合保持積極情緒的協議。,非常感謝您的意見。在我看來，您現在感覺{}，這聽起來準確嗎？,我很抱歉，我很想更好地了解你的感受。你能選擇你認為合適的情緒嗎？,謝謝，很高興與你進行這次談話。我希望我們能很快再見面。,,,,,
男性,40-49,,,,,,,,,,,,,,,,,,,,,,,,,,,,,,,我感覺不太好。我的生活中發生的事情太多了。,我錯過了我的作業截止日期，所以我感到非常焦慮。,今天只是我不期待的那些日子之一。,,,,,,,在你的生活中，是否有人覺得可能需要你的幫助？,有人為難你嗎？,在不打擾的情況下，我可以問一下你生活中是否有人覺得你的行為不像你希望的那樣？,你是否總是對生活中的事情負責？,你認為自己是一個願意聽取別人意見的人嗎？,你是否與生活中的人關係緊張，這給你帶來了巨大的痛苦？,我感覺好極了。,我很好。,我再好不過了。,好的！我向您推荐一個協議，以確保您珍惜這種積極的感覺如何？,謝謝你的開放。從您的回復來看，我認為您有{} 的感覺，我這樣說是否正確？,我真誠地道歉。請您從下面的列表中選擇您的實際感受。,我很感謝你今天的參與。我期待在未來與您進行更富有成效的合作。,,,,,
女性,30-39,,,,,,,,,,,,,,,,,,,,,,,,,,,,,,,我對今天的考試感到很焦慮。,我怕我考試不及格。,我不確定我是否對考試準備充分。,,,,,,,在內心深處，你相信你應該總是幫助別人嗎？,你是否發現自己最近總是把你的問題歸咎於別人？,您是否認為您可能想要更多地控制其他人，也許是某個因您認為錯誤的行為而讓您感到焦慮的人？,你是否總是認為事情的錯誤或失敗應該歸咎於你？,你認為你總是能夠考慮別人對問題和事情的看法嗎？,您目前在生活中是否有任何個人問題或困難？,我度過了美好的一天。,我真的很高興，因為今天沒有下雨。,我感覺很好，因為我晚上睡得很好。,這真是太好了！如果您願意，我可以建議一個協議來改善您當前的情緒。,我明白。我相信您有{} 的感覺，您認為這是正確的嗎？,我很抱歉那是不正確的。看看下面的列表，你能告訴我你的感受嗎？,謝謝你今天的時間。我希望你能回來多聊幾句。,,,,,
女性,18-24,,,,,,,,,,,,,,,,,,,,,,,,,,,,,,,我在孤立中感到焦慮。,我感到非常害怕我周圍的世界。,我感到害怕，導致我非常焦慮。,,,,,,,你認為自己是一個把別人的需要放在自己之前的人嗎？,您個人會認為自己會受到周圍其他人的情緒和行為的影響嗎？,你相信你對他人的行為和情緒有很大的影響嗎？,當出現問題時，你是否把事情放在心上，往往會因為任何錯誤而責怪自己？,在最近與人的談話中，你是否充分考慮了他們的觀點和觀點，並試圖通過他們的眼睛來看待情況？,此時此刻，你的生活有沒有什麼重大的衝突？,很開心，心裡很充實。,我自己很滿足，我感覺精神抖擻。,非常平靜和快樂，我沒有任何消極的想法。,很高興聽到你有這種感覺。我有一個協議可以增強這種積極的感覺，你想試試嗎？,考慮到您所說的所有內容，我相信您會感覺到{}，是這種情況嗎？如果沒有，請隨時糾正我。,我很抱歉聽到我誤解了。請用您自己的話說，您能具體說明您的感受嗎？,感謝您在本次會議中信任我。每當您想多說話時，請再和我溝通。,,,,,
